personas;IngresosAnual;experiencia;inversion;tiempo_de_estudio;estrato_socioeconomico
1;103937;20;13576;9;2
2;173982;7;43115;23;1
3;30588;19;38555;28;3
4;148779;14;11068;14;4
5;17524;1;32162;7;1
6;223713;9;41600;3;6
7;37072;20;10876;9;3
8;198544;13;37238;19;1
9;18105;7;31887;10;5
10;10843;6;12171;18;2
11;30514;16;44035;12;4
12;122773;17;30640;10;6
13;34986;12;34321;14;6
14;187848;16;32399;14;4
15;50522;5;35115;20;6
16;160658;13;14102;26;1
17;106954;6;24387;14;6
18;30294;1;27643;4;2
19;243551;6;46265;11;3
20;133780;4;15214;30;6
21;184256;11;12346;20;4
22;147677;17;21519;15;4
23;191920;9;15715;1;4
24;35329;5;48439;7;2
25;126624;3;31119;4;1
26;68454;10;30646;24;5
27;50216;17;42190;1;6
28;131234;4;36030;12;6
29;158697;16;16421;24;4
30;127872;20;13818;12;5
31;205992;3;25844;18;2
32;160685;14;42821;17;2
33;225958;18;21628;13;2
34;173667;10;27088;7;6
35;42643;20;27051;28;6
36;79056;2;25961;9;6
37;115267;12;27709;25;2
38;142164;11;20500;2;1
39;188560;20;13399;17;4
40;227072;6;43411;15;3
41;239941;20;42345;7;4
42;237163;13;49089;20;1
43;107180;12;16250;27;2
44;29345;8;21290;15;4
45;161319;3;31704;24;6
46;173681;3;13930;30;6
47;177226;3;12968;23;5
48;131987;7;30918;21;3
49;175132;17;39955;13;6
50;121152;4;44776;4;6
51;102054;9;22481;20;5
52;17251;9;26235;20;3
53;77215;14;27386;21;4
54;174335;15;10937;10;4
55;88136;16;22546;1;6
56;182886;1;35118;30;2
57;135624;15;43665;15;1
58;234748;1;38081;25;3
59;145545;11;22596;8;6
60;221870;14;23964;11;1
61;240968;14;34407;14;3
62;201619;13;48529;25;4
63;97265;5;33869;23;1
64;145328;3;13766;18;4
65;26698;3;17412;8;2
66;114857;17;13371;16;5
67;179695;5;23201;3;5
68;141059;4;20334;22;1
69;67121;7;45777;22;3
70;217516;3;20976;17;6
71;153981;16;42387;14;3
72;32169;5;45737;11;1
73;186342;15;14426;19;5
74;132570;5;31143;23;2
75;33563;3;49197;1;4
76;161695;13;16260;30;4
77;83047;5;46560;21;6
78;24785;18;49626;7;4
79;122979;4;18421;17;3
80;141210;6;18199;13;1
81;181910;5;40547;29;1
82;230032;6;23668;12;3
83;224683;5;19800;28;4
84;91040;20;12868;16;3
85;33902;3;46698;2;5
86;191326;4;39887;19;6
87;236686;16;43815;11;3
88;181353;16;19662;1;5
89;121372;12;30890;21;3
90;214606;9;44570;22;4
91;152551;19;33434;3;6
92;52459;17;10895;13;2
93;87902;16;32136;12;6
94;175479;8;33378;11;3
95;97020;10;25831;30;2
96;187889;6;49432;7;6
97;141038;8;39786;6;6
98;85495;18;43317;10;2
99;155990;4;31685;18;4
100;43632;1;44359;19;3
101;24738;5;40135;6;1
102;216046;4;25024;21;3
103;24013;7;26064;16;2
104;111536;16;44287;27;6
105;244012;13;13623;21;5
106;77482;6;40721;12;5
107;173762;18;11851;24;4
108;144591;9;12541;4;4
109;126808;19;24253;5;3
110;36903;9;44909;18;5
111;150196;12;31215;25;1
112;147040;13;45223;4;5
113;117913;16;45631;19;3
114;114530;13;15062;22;5
115;11393;18;28540;26;6
116;205314;18;38865;30;3
117;122834;5;34204;13;6
118;57009;16;11869;25;5
119;55039;2;46301;11;4
120;218517;13;27543;30;3
121;232385;15;15549;12;5
122;226692;12;40937;6;5
123;214872;8;47474;12;6
124;18666;17;18039;8;3
125;162598;6;32051;22;1
126;145526;16;42244;14;6
127;37777;13;14829;20;4
128;204576;7;12132;29;2
129;143052;13;33191;19;3
130;131312;12;26762;27;6
131;20844;19;34992;9;2
132;33252;10;16713;26;6
133;133977;2;23646;2;4
134;247548;13;13355;14;4
135;121956;2;19774;2;4
136;50724;20;44947;11;2
137;183029;12;13115;13;1
138;31271;3;14362;30;5
139;74387;15;47781;19;6
140;147410;1;11312;9;5
141;147311;18;46415;29;4
142;11066;19;25202;27;5
143;122453;2;10779;14;5
144;145448;7;48454;1;4
145;122755;18;32052;27;5
146;190627;16;23105;29;3
147;139043;7;47522;19;4
148;234435;19;33280;19;6
149;118806;1;28651;2;2
150;214594;16;38687;8;6
151;35419;6;41269;28;2
152;36545;7;28132;13;5
153;61619;10;16925;22;1
154;203360;10;18515;26;6
155;61225;12;21820;9;6
156;204710;16;42186;7;1
157;74711;19;27645;2;3
158;52405;7;14028;4;4
159;210230;8;35175;5;6
160;245788;20;26531;24;3
161;70053;9;35359;14;6
162;189599;6;30764;5;3
163;40041;5;14810;7;1
164;90235;2;49786;24;6
165;236244;13;46797;25;1
166;162257;10;30502;27;6
167;214905;10;31802;3;3
168;111179;4;41018;13;6
169;53827;8;36887;5;1
170;107782;5;31382;18;3
171;38092;14;26929;25;6
172;148984;20;45316;20;5
173;204688;8;22647;20;5
174;166153;13;27015;17;3
175;201616;20;44770;19;1
176;164080;12;28004;9;1
177;248899;10;25780;11;3
178;80480;3;46808;25;4
179;41263;11;20683;28;4
180;204843;17;46668;26;3
181;85980;2;30358;5;3
182;199531;13;27414;16;2
183;246062;8;33725;25;3
184;71461;7;35105;4;3
185;49116;13;37862;26;5
186;193319;14;34338;20;3
187;242835;8;14486;17;4
188;198877;3;10199;27;5
189;207603;1;43338;9;2
190;177750;10;31193;19;2
191;240754;10;34215;17;4
192;151998;17;37479;17;4
193;117962;11;21095;21;3
194;218226;20;17492;1;5
195;225030;11;32980;28;3
196;243121;11;18918;19;5
197;154998;10;12615;3;1
198;19940;9;10727;3;1
199;127700;15;24033;13;2
200;185879;3;26380;27;6
201;116649;14;28473;4;5
202;226380;9;27780;7;5
203;192342;9;17064;30;3
204;214430;6;29725;15;2
205;167989;6;11749;27;3
206;127341;6;24514;17;6
207;129333;15;40344;18;1
208;129944;19;38874;5;1
209;115501;1;12701;23;5
210;176720;10;15620;5;6
211;78699;16;10480;8;1
212;69523;19;36751;19;2
213;65557;10;12461;13;5
214;245568;16;20190;11;3
215;156892;5;31498;21;2
216;37648;19;29498;11;5
217;118358;4;48684;13;3
218;171147;18;17024;27;5
219;51771;17;39791;10;2
220;137764;10;12912;30;4
221;120743;1;37513;7;3
222;177721;10;33558;21;5
223;61455;13;49728;4;6
224;212755;8;43147;22;4
225;177929;7;11495;24;1
226;58902;17;42922;15;1
227;85742;11;32360;1;3
228;31531;8;38236;19;4
229;231396;6;42547;30;2
230;43749;17;30387;24;3
231;182115;4;21965;28;6
232;23522;3;13705;10;4
233;238612;1;43818;25;1
234;60837;1;30556;13;5
235;196876;13;46207;16;2
236;112027;15;19460;3;1
237;213090;3;39075;30;6
238;155547;16;13518;25;3
239;120080;9;15638;5;3
240;64937;19;11197;18;3
241;118684;10;14558;7;5
242;207755;10;18894;9;2
243;240009;14;39304;2;2
244;171675;11;47480;24;6
245;185129;3;18263;30;6
246;117419;12;18172;4;3
247;35289;4;17722;4;4
248;120810;9;37230;1;6
249;26875;13;39847;27;3
250;24579;6;18222;15;5
251;147450;7;44909;21;1
252;218233;19;10457;30;5
253;146392;13;19893;5;4
254;133853;9;15497;19;3
255;18811;10;38164;9;3
256;131740;12;14756;7;1
257;124703;6;17625;3;1
258;24547;1;16544;10;1
259;64702;7;13300;13;6
260;47049;19;47834;13;1
261;208624;11;20790;5;5
262;204774;6;35231;4;1
263;104478;1;33853;10;2
264;136180;16;27046;27;5
265;163949;9;31109;24;6
266;21808;10;17409;10;3
267;130295;6;12768;14;2
268;19923;8;46427;2;3
269;74741;2;28922;24;3
270;194467;10;23241;30;5
271;168865;14;10022;22;5
272;243403;11;42035;22;4
273;115254;20;21815;3;5
274;235952;5;46394;16;4
275;109357;16;18758;21;4
276;86067;14;35421;4;1
277;80916;9;47296;13;4
278;14407;2;40848;29;2
279;139345;16;12742;17;3
280;237614;10;38460;2;6
281;117021;13;13408;19;3
282;184234;2;17502;20;4
283;221164;7;11140;6;5
284;80452;2;39338;17;5
285;169945;17;14224;17;2
286;150798;2;13680;16;4
287;25992;17;25123;6;3
288;196012;17;21738;27;5
289;223231;19;13496;14;4
290;141031;13;42977;8;6
291;177736;15;13615;24;6
292;13837;6;11445;15;5
293;194970;20;20355;4;3
294;24134;10;14330;20;2
295;170458;8;29441;17;4
296;167346;20;36631;25;5
297;12076;6;31967;16;1
298;161562;20;24350;18;2
299;192022;13;35977;10;4
300;171133;4;49351;21;6
301;57029;9;33038;9;2
302;43789;11;43351;18;1
303;163863;9;46842;13;3
304;83381;14;32249;5;2
305;77428;3;25979;2;3
306;157329;18;33463;10;6
307;180428;4;41146;3;4
308;238756;13;15361;7;4
309;246295;9;43951;23;4
310;206983;14;17180;9;4
311;174208;7;12569;14;3
312;93152;5;24244;19;2
313;168225;1;42589;30;4
314;40753;3;39296;15;2
315;34692;9;46490;9;3
316;33386;17;35250;26;2
317;211205;10;28510;25;1
318;218347;18;35702;19;6
319;125999;7;24080;3;4
320;114404;13;35442;5;2
321;167544;18;27577;2;1
322;147244;6;30320;25;2
323;10649;3;27617;13;2
324;72028;3;29782;9;4
325;34949;14;17213;28;6
326;150289;12;39779;4;1
327;119100;9;17996;27;6
328;29497;2;31089;17;5
329;243561;18;36373;28;1
330;78972;10;13579;18;2
331;203926;18;30815;1;1
332;241366;16;28943;12;2
333;66832;14;42923;17;6
334;21633;6;48808;14;1
335;58484;6;25400;1;2
336;43291;9;13651;1;2
337;158482;1;41806;8;5
338;91713;12;19883;15;2
339;248814;2;25013;14;3
340;22327;12;46422;12;4
341;88791;5;14491;29;6
342;19558;15;28544;18;2
343;147757;7;40942;1;2
344;134688;9;47687;15;3
345;138204;16;42429;23;6
346;83657;13;11529;11;1
347;132831;1;14491;9;6
348;32239;13;34509;15;2
349;140798;18;40974;13;4
350;86648;11;22608;22;6
351;56904;13;42302;15;2
352;144163;10;12142;19;1
353;154825;4;35434;16;6
354;98019;6;39110;16;1
355;155081;7;25422;13;3
356;163041;13;17068;20;4
357;212514;16;41057;21;2
358;215220;8;25966;24;3
359;188017;15;28015;20;6
360;195906;9;42766;3;3
361;187184;12;19176;5;3
362;199424;20;14788;3;1
363;41269;7;10508;20;4
364;161729;6;29377;27;2
365;130655;11;33358;4;1
366;217913;10;26356;4;4
367;69904;20;17158;9;3
368;214271;20;22474;26;1
369;116830;10;32650;24;4
370;147361;18;19335;3;3
371;100195;18;27430;6;1
372;30701;10;37490;14;5
373;219794;8;44412;29;4
374;244282;10;14602;11;3
375;200795;15;21352;23;5
376;143510;9;14851;28;4
377;37791;4;11272;14;4
378;101526;16;31841;25;4
379;232015;18;42438;8;4
380;225488;5;14258;15;1
381;102895;3;16854;30;1
382;68052;14;37119;6;5
383;195536;10;44695;7;2
384;75859;4;14144;14;1
385;199805;12;36644;3;5
386;181720;15;46436;13;1
387;78465;5;36434;18;1
388;82706;12;45467;27;2
389;236254;10;25761;28;1
390;205827;17;35629;30;4
391;116242;2;46190;24;3
392;240150;3;31517;14;2
393;123155;3;45324;5;1
394;90668;3;40700;29;5
395;197318;8;46788;29;1
396;65042;1;22084;14;4
397;58380;11;47703;30;2
398;119288;20;29465;4;6
399;16949;6;20857;15;4
400;24588;1;34590;13;3
401;215238;12;30550;26;6
402;37621;11;12332;13;2
403;162452;3;17879;26;2
404;195283;3;26608;30;6
405;246987;1;20030;23;6
406;37782;9;39422;13;5
407;85251;7;46223;26;1
408;129123;17;34713;23;4
409;220558;2;38366;29;2
410;130722;5;25492;1;3
411;125315;11;45387;15;6
412;33604;20;41626;20;6
413;159012;17;13095;17;4
414;245509;10;20359;24;4
415;96345;13;41232;1;1
416;120334;14;12647;12;1
417;182621;19;23621;17;6
418;229043;3;39492;29;2
419;41112;11;27369;22;4
420;186876;1;19731;23;2
421;153737;20;16222;13;2
422;49424;8;31901;7;3
423;30980;18;47286;22;1
424;145548;12;36435;10;2
425;74971;11;11288;21;5
426;20834;4;40713;2;4
427;151353;8;46707;12;4
428;94604;10;11622;7;1
429;79785;12;20633;18;2
430;129154;3;30078;28;6
431;194479;3;19653;5;4
432;130517;7;28325;25;2
433;34733;18;49564;14;6
434;73092;17;32366;22;1
435;184376;8;24072;18;1
436;240709;2;22749;26;1
437;211695;6;40328;7;6
438;86503;20;21363;8;5
439;62237;6;36834;10;4
440;31010;15;20224;13;1
441;243126;15;49994;22;1
442;54044;20;46320;23;5
443;114016;7;42416;29;6
444;222895;5;45977;24;1
445;233554;8;11798;8;2
446;203335;12;15625;22;6
447;147233;16;10606;29;4
448;68771;3;23494;28;2
449;65151;8;27352;17;4
450;111754;11;37616;15;2
451;135396;1;17839;1;3
452;175726;4;43050;30;6
453;20966;9;46542;1;6
454;242090;16;17915;19;3
455;84637;20;12153;16;1
456;158040;12;20665;18;1
457;19999;12;28791;30;5
458;104987;3;31427;19;4
459;152241;12;11379;12;4
460;30246;6;38000;5;6
461;81718;14;25368;1;5
462;249518;8;35814;21;6
463;111136;8;10806;17;3
464;77963;12;26858;19;3
465;203038;16;37114;27;3
466;11929;3;30412;14;1
467;219104;12;47812;15;3
468;105429;19;18589;27;1
469;169963;18;28606;12;6
470;200732;13;44735;5;6
471;213996;18;16751;3;6
472;115030;14;41050;16;6
473;32820;17;47770;22;3
474;179308;10;40470;9;4
475;111422;8;11582;11;5
476;112660;19;48602;16;2
477;228718;9;32839;21;1
478;226719;1;29167;10;2
479;210017;18;11292;27;5
480;42630;7;26879;23;6
481;144004;13;19848;21;1
482;211989;14;26839;28;2
483;157264;10;16435;28;2
484;66011;7;42466;2;3
485;217859;7;41375;28;2
486;146185;2;22028;6;6
487;15132;14;23413;11;5
488;197250;19;12633;17;3
489;142041;10;34065;5;2
490;67906;11;37413;10;1
491;134105;18;24073;29;4
492;96717;14;44526;26;1
493;197997;20;33891;28;3
494;78641;3;41581;7;5
495;158269;2;16219;28;6
496;25359;5;44447;19;3
497;208820;5;21733;27;4
498;248948;8;42534;10;3
499;208217;3;24770;22;4
500;81769;20;32556;4;4
501;84744;3;49440;2;1
502;240261;17;43736;4;6
503;196531;17;16139;26;5
504;166817;19;18717;30;2
505;145870;5;32431;15;4
506;212045;15;44301;4;3
507;76490;4;36296;26;6
508;109875;11;30397;9;2
509;122063;5;40540;9;4
510;241221;1;34281;19;5
511;241058;20;16015;1;5
512;214628;8;40179;27;4
513;126631;2;23032;3;3
514;124142;19;11755;17;3
515;176918;2;13703;13;3
516;58595;11;25719;26;6
517;28910;5;24359;21;4
518;91194;2;47634;18;2
519;217705;9;43704;18;6
520;216502;3;42903;5;4
521;66942;1;41200;13;3
522;172621;12;22206;22;1
523;84287;2;13869;10;5
524;115713;3;10881;14;4
525;50757;13;15593;2;3
526;193018;14;14630;6;5
527;130254;2;22394;13;5
528;232801;13;39876;8;4
529;246656;20;23344;27;6
530;194920;2;39402;29;4
531;100830;11;25619;4;3
532;127777;6;17731;30;6
533;147307;6;20368;22;3
534;42524;18;25957;10;5
535;88821;7;27646;19;3
536;209117;2;21326;15;2
537;234333;19;18709;10;6
538;119903;10;39686;24;1
539;85328;12;18496;12;2
540;167066;13;24760;24;5
541;47795;19;47525;19;3
542;143379;12;49677;7;2
543;221192;11;10203;10;4
544;189199;3;23898;10;2
545;180960;13;25848;10;4
546;223292;17;26917;12;2
547;133081;10;18767;21;1
548;88355;8;45154;7;6
549;169122;13;38318;30;1
550;71563;15;49990;11;1
551;156017;19;30503;19;5
552;54032;2;38518;21;5
553;142582;12;21717;3;1
554;192604;6;41274;21;2
555;222928;12;12961;4;1
556;128175;5;20842;10;6
557;124667;7;31162;29;2
558;93609;11;49629;29;1
559;79825;6;48669;23;2
560;234233;11;13196;26;6
561;223165;20;48533;23;3
562;159490;4;42391;3;3
563;83159;17;12192;16;2
564;56747;9;17837;12;5
565;25845;15;40015;21;5
566;83400;20;25646;3;3
567;195305;7;46716;26;5
568;219737;3;31638;12;2
569;42984;17;41763;3;4
570;242672;19;37616;22;3
571;83802;17;31625;23;3
572;103353;7;15540;13;1
573;89497;9;38273;29;3
574;182051;18;40206;2;1
575;47008;15;31664;9;5
576;157550;8;18175;3;6
577;149282;18;17658;27;1
578;53532;9;19540;23;4
579;196135;18;18824;9;1
580;104486;15;26208;4;5
581;153452;16;33724;26;3
582;139644;8;43929;25;5
583;80191;7;13454;17;2
584;108186;10;11477;18;4
585;10826;5;19621;7;2
586;57820;13;48666;23;1
587;189634;7;11858;3;4
588;235702;14;34520;3;5
589;53293;10;28842;9;4
590;95051;2;18167;28;1
591;61806;6;31410;24;3
592;200074;18;34963;29;5
593;153497;14;40678;26;3
594;77184;4;25506;17;2
595;164431;8;20883;27;3
596;226238;18;24488;16;4
597;169811;5;13712;30;1
598;63721;3;41599;19;6
599;170851;11;42656;9;4
600;249688;3;45202;13;2
601;34102;1;46354;8;1
602;169592;2;15372;20;5
603;51711;20;49068;3;2
604;105791;12;24533;6;3
605;150325;13;37947;22;3
606;130420;16;47076;30;4
607;163983;5;30631;3;4
608;112855;18;24750;15;1
609;141569;9;36561;14;2
610;42528;11;34669;28;6
611;119064;4;42932;19;3
612;172294;12;24816;8;6
613;45144;1;21630;13;3
614;190228;5;25721;3;4
615;155861;11;19533;26;3
616;26222;18;25400;19;5
617;113372;3;43190;1;6
618;88377;10;25145;3;1
619;157444;12;26122;26;6
620;245759;12;43425;23;3
621;35005;1;47041;10;3
622;79894;7;41963;19;3
623;192119;6;34344;1;2
624;55953;7;47221;3;5
625;20523;16;30520;25;6
626;121783;14;38962;28;6
627;205549;6;23536;2;6
628;128487;10;27237;18;3
629;234015;17;13737;23;5
630;201764;13;40134;20;5
631;146608;2;20019;30;1
632;238414;2;37244;11;3
633;155721;15;47536;3;3
634;74531;8;22929;9;4
635;52989;11;46508;17;3
636;97269;14;48401;19;6
637;62050;16;35843;12;3
638;156914;7;39318;16;1
639;46394;17;19186;10;3
640;220994;13;45011;21;1
641;236816;11;17457;5;3
642;49960;14;18094;12;3
643;58212;11;44614;1;1
644;69079;5;40714;20;1
645;196231;4;23237;22;6
646;25482;10;30557;29;6
647;80485;16;41456;3;1
648;206172;9;19392;8;5
649;71253;8;39095;21;4
650;237756;7;33505;6;1
651;115174;14;17315;6;4
652;117895;9;26966;26;2
653;26679;12;35202;1;5
654;207360;15;14696;22;3
655;237208;17;11762;2;2
656;20239;13;39185;15;6
657;15409;11;14089;6;3
658;183403;18;34171;23;1
659;31810;9;32803;20;5
660;238772;6;49580;10;6
661;115405;6;16092;1;2
662;102963;9;14072;19;4
663;144649;18;20837;20;5
664;194648;5;16314;23;2
665;235848;15;49600;9;4
666;99662;3;45376;11;3
667;200488;18;31147;2;5
668;153969;1;20767;18;1
669;118364;6;23423;23;4
670;29517;10;48752;25;5
671;80438;20;45188;4;3
672;67154;10;22293;10;6
673;35046;8;11041;22;5
674;117418;17;49014;6;4
675;10833;3;33671;3;5
676;207284;12;42446;2;2
677;145969;5;43930;23;4
678;195172;2;20029;12;6
679;224246;15;23355;28;5
680;143916;11;24360;27;4
681;158141;10;49129;28;5
682;151645;13;34988;2;2
683;135749;19;33898;12;6
684;160432;17;20029;19;5
685;246427;15;30325;16;4
686;161910;4;33847;28;3
687;47121;11;36446;3;4
688;167650;9;41615;6;5
689;29054;10;19625;8;4
690;62577;6;15602;5;2
691;206115;4;38418;26;6
692;201352;19;44206;12;5
693;35455;13;30385;22;1
694;93864;3;37838;14;2
695;15155;13;18946;8;2
696;11871;9;34244;18;2
697;58093;13;33535;18;3
698;165783;6;19280;27;6
699;56417;6;16508;24;5
700;96263;13;15311;15;2
701;234036;18;18748;10;4
702;173959;9;33494;12;3
703;171096;6;43856;3;3
704;219084;14;27673;30;2
705;95498;15;14231;13;1
706;100703;18;19053;16;5
707;204183;15;11230;10;1
708;243559;12;49042;1;2
709;108262;4;49070;6;6
710;87235;10;30078;7;6
711;238492;17;15550;6;2
712;151657;10;28803;7;4
713;124711;6;44677;27;4
714;121289;13;20476;10;2
715;142738;3;27814;21;6
716;51175;6;16559;2;1
717;194020;7;39555;25;4
718;162196;1;30005;9;4
719;68567;15;20977;6;6
720;193135;4;13002;28;1
721;142726;12;38450;9;4
722;12104;11;37714;3;2
723;196754;1;19293;17;3
724;141101;11;28784;25;4
725;219473;13;11364;27;4
726;245472;12;35953;5;6
727;247573;12;24909;28;5
728;54859;8;28315;25;2
729;213772;20;48802;6;5
730;157110;18;41257;8;1
731;93033;19;48068;22;6
732;65992;17;45310;13;6
733;193943;18;15910;19;3
734;90057;19;31861;24;4
735;54371;17;11970;19;3
736;217010;11;42022;12;1
737;80141;10;32370;30;4
738;207349;9;42423;4;5
739;165252;17;36763;2;2
740;93465;12;12602;30;6
741;34420;6;34443;23;5
742;94326;10;15037;2;2
743;75316;15;42575;13;1
744;83679;14;30737;21;1
745;18207;3;26140;9;3
746;174097;11;27029;27;3
747;57228;7;25570;17;4
748;52388;9;41943;30;4
749;24894;1;27372;12;1
750;122726;2;19260;13;1
751;143134;3;39298;20;3
752;71048;19;10760;19;3
753;154689;17;43430;12;6
754;86695;8;33252;20;5
755;162073;7;33084;2;5
756;142705;16;39870;19;3
757;248392;16;41712;3;6
758;211631;1;17835;27;3
759;193097;3;41528;22;6
760;27650;20;41695;10;5
761;153418;1;47958;5;3
762;92660;2;17390;6;2
763;152528;13;21245;4;4
764;26880;19;19028;2;3
765;58542;19;15054;8;1
766;56672;6;17342;5;5
767;151606;3;31259;10;6
768;183844;3;34264;18;4
769;232745;20;30854;11;5
770;135421;1;19903;10;5
771;157695;17;41069;2;3
772;34843;5;47985;12;2
773;78992;4;27778;29;3
774;84638;15;48936;15;3
775;146780;5;27926;13;5
776;54113;10;22229;22;5
777;72475;4;49506;2;6
778;183770;14;38504;30;5
779;197820;15;15381;24;1
780;112316;19;37934;12;2
781;25437;11;44357;6;5
782;123489;11;44888;19;6
783;145874;16;35338;3;4
784;212495;18;34664;1;5
785;147052;8;15275;26;2
786;23695;11;33868;16;5
787;188995;16;26037;23;6
788;221064;18;25729;29;5
789;167541;11;17911;11;5
790;169877;1;38018;30;3
791;138631;6;38970;27;1
792;153534;14;27802;8;4
793;25553;15;47640;8;2
794;147460;8;37119;20;5
795;97342;16;33601;16;3
796;41427;10;43496;6;1
797;94140;14;12918;13;2
798;122224;7;21408;4;6
799;44370;9;33832;1;2
800;138698;7;16390;1;3
801;77906;10;31569;6;6
802;88971;15;15916;3;3
803;142779;7;26564;19;3
804;58927;9;42436;2;2
805;67861;13;44224;17;4
806;125133;15;47103;3;4
807;45689;7;33661;7;1
808;92524;17;19756;27;3
809;127835;12;17109;27;1
810;39402;5;19523;9;6
811;79123;14;44233;30;4
812;215544;20;24313;25;4
813;241928;11;36083;1;1
814;153714;9;39095;1;2
815;191547;5;14424;3;1
816;11064;15;21529;13;4
817;212348;17;27743;27;4
818;124981;6;21559;17;3
819;46747;14;14291;24;2
820;56400;14;22798;7;1
821;133153;16;23069;25;2
822;91971;20;30837;1;6
823;183119;5;12755;23;2
824;187567;20;40811;1;3
825;244730;8;27642;5;3
826;230695;4;29368;26;5
827;75810;5;32081;17;2
828;41618;17;27090;30;2
829;102730;1;29776;15;4
830;11961;8;34282;9;4
831;177612;18;45096;24;1
832;102345;12;23374;9;6
833;200037;1;20281;10;4
834;77343;20;31840;25;4
835;66669;14;17803;19;4
836;40008;9;17204;30;1
837;21270;12;20351;4;6
838;34944;16;40935;4;2
839;91210;9;33263;21;4
840;231615;6;36704;23;3
841;102290;1;45406;25;6
842;232365;18;30721;18;6
843;156597;11;38083;18;5
844;41994;13;42021;11;4
845;48959;19;47466;26;1
846;90813;3;23949;20;5
847;190331;14;47323;29;2
848;107770;3;23023;9;5
849;237890;12;43503;27;5
850;50984;10;38142;17;1
851;96497;17;26680;14;3
852;191903;7;30847;28;3
853;244930;12;44502;1;2
854;30574;9;44177;21;2
855;141421;15;29898;2;3
856;208329;6;10055;8;6
857;193500;17;29291;19;4
858;59153;8;26496;5;1
859;100679;1;42184;27;2
860;113741;9;26866;12;6
861;53074;3;10242;14;1
862;240523;15;14957;7;1
863;176928;3;37899;8;5
864;221849;6;16223;9;5
865;202546;13;34656;9;3
866;81009;8;15546;2;1
867;164697;18;32034;7;2
868;143676;18;21557;10;3
869;11510;12;20642;2;4
870;133298;18;12023;25;5
871;105885;19;31291;6;2
872;63464;8;36388;25;4
873;176862;2;20454;26;3
874;34448;18;32125;12;2
875;85692;6;16686;28;4
876;48283;8;41720;16;4
877;136802;8;14418;18;2
878;143840;3;11675;8;5
879;206620;9;18557;25;5
880;199739;13;32815;2;4
881;127441;2;27320;2;6
882;24371;7;20866;30;2
883;39310;13;13260;10;5
884;192142;16;41505;28;2
885;235196;6;18248;30;1
886;247249;5;43233;17;5
887;201240;10;14040;26;6
888;220525;4;34187;3;1
889;242159;11;31652;5;4
890;217421;5;28871;30;3
891;220355;13;22896;29;2
892;84929;2;24111;23;4
893;162812;17;23093;4;5
894;114689;13;29013;15;2
895;83668;15;14136;29;3
896;167861;14;15577;15;6
897;216012;5;26921;8;6
898;59099;19;33509;11;2
899;210766;12;11856;29;4
900;81827;7;12924;15;4
901;89217;2;23765;20;5
902;238299;5;34827;21;5
903;224942;11;38320;24;1
904;111731;8;11464;18;2
905;102562;16;28822;17;4
906;120069;16;30491;30;2
907;72008;16;31205;18;2
908;221746;20;34126;22;4
909;135574;7;16146;14;3
910;224070;5;32952;4;6
911;56460;11;11442;23;4
912;179964;9;12955;10;4
913;125096;13;44077;29;5
914;185800;5;33745;2;2
915;187648;17;33643;9;2
916;194603;3;46304;19;4
917;101525;5;35409;24;5
918;54012;16;15734;6;4
919;170578;17;23170;16;4
920;186377;16;45306;24;4
921;148199;13;48281;29;5
922;87046;11;27547;22;2
923;225521;12;17196;13;3
924;18318;8;48309;18;1
925;106943;16;23875;5;1
926;72797;19;40274;3;6
927;243984;13;34187;23;5
928;123548;14;44018;28;5
929;149521;1;33559;19;3
930;46513;8;19142;25;4
931;49756;20;31200;5;1
932;205330;10;28933;5;2
933;20188;18;38861;12;1
934;160109;3;39216;18;6
935;41283;1;22986;9;1
936;249060;17;22277;25;5
937;217540;15;18093;8;5
938;136684;20;47657;30;5
939;51457;15;30605;12;1
940;85033;14;48136;15;2
941;141754;19;23688;1;2
942;20561;15;15003;25;2
943;11537;4;41511;8;3
944;48482;16;32254;11;3
945;91219;15;32834;7;2
946;247120;2;20195;8;3
947;86406;12;41456;28;1
948;225027;7;40481;8;1
949;216786;17;17148;3;4
950;151449;10;20782;15;6
951;126073;10;41615;24;3
952;105662;14;45488;4;5
953;89485;18;36271;26;5
954;160492;2;32086;10;3
955;75273;9;20697;7;3
956;243148;8;13864;14;1
957;143782;18;49699;4;5
958;19524;7;30798;26;1
959;191337;20;44183;19;3
960;84533;5;19672;15;6
961;207249;13;25026;8;1
962;232344;5;11771;1;5
963;193659;4;25284;26;4
964;165119;5;37829;15;4
965;26326;6;47772;9;2
966;26327;4;24140;29;1
967;133066;9;10823;14;1
968;221545;11;11820;2;4
969;14672;19;22201;9;6
970;100200;3;23911;9;3
971;93233;10;17071;9;2
972;238933;6;43688;15;1
973;93566;16;25900;12;3
974;193437;4;33804;20;5
975;192032;17;18036;20;5
976;170590;9;35702;30;2
977;54590;16;37234;29;6
978;129777;15;40521;1;1
979;34128;8;37149;8;1
980;160459;19;10130;4;2
981;127770;6;20138;3;5
982;169757;8;34851;30;6
983;25648;12;21935;2;1
984;116980;10;42190;28;1
985;201529;15;10465;15;5
986;154838;19;12856;24;2
987;200547;3;18178;6;5
988;222921;2;31967;3;2
989;210389;7;25186;13;3
990;165717;18;13652;1;2
991;130554;16;35962;29;2
992;209008;12;30480;10;2
993;147740;13;38350;17;3
994;231480;13;25037;12;2
995;210527;5;42852;24;6
996;155340;5;43823;21;3
997;139367;3;29716;23;4
998;20257;14;27146;2;5
999;157986;5;43930;8;4
1000;39129;7;23513;3;6
1001;240270;17;13438;8;4
1002;29574;6;43996;15;3
1003;100157;16;23158;6;1
1004;87855;20;21362;18;4
1005;121294;1;22433;9;3
1006;226705;5;48081;3;4
1007;75419;9;27863;22;2
1008;74764;15;25460;21;6
1009;27222;19;18699;2;3
1010;120078;15;39757;17;6
1011;219523;2;20158;3;2
1012;36817;14;24116;3;1
1013;156594;17;34999;29;6
1014;100907;7;31451;22;2
1015;80105;17;38087;21;2
1016;103702;5;31165;15;5
1017;141155;20;43236;29;4
1018;206311;7;11116;21;4
1019;152433;14;34460;12;4
1020;226456;12;18737;2;4
1021;15558;3;39114;27;5
1022;44235;18;12814;17;5
1023;65478;1;45125;5;5
1024;176990;13;28267;25;5
1025;136112;8;27117;8;5
1026;154251;2;37998;21;5
1027;230247;3;36830;19;6
1028;152902;16;47202;8;1
1029;135494;18;48690;19;6
1030;15885;20;21684;22;6
1031;173863;20;16642;6;1
1032;89092;8;35459;19;6
1033;225982;1;22312;18;2
1034;173941;16;36111;20;6
1035;72063;2;18336;19;2
1036;97699;7;37893;13;1
1037;222186;16;21816;12;3
1038;215302;11;34840;8;4
1039;30296;1;32220;23;4
1040;80656;19;25255;21;5
1041;56334;6;18473;3;3
1042;91401;14;44212;25;3
1043;199040;20;34749;23;6
1044;229720;12;23593;5;6
1045;172896;7;42906;17;6
1046;109423;10;44931;28;3
1047;235759;6;37718;24;5
1048;93797;16;44584;5;2
1049;89449;12;36244;5;1
1050;83031;11;45794;27;4
1051;192187;9;27529;10;5
1052;63904;10;16886;13;6
1053;75495;5;41002;11;5
1054;50156;20;27007;18;6
1055;35797;12;24028;23;2
1056;170584;18;48772;14;2
1057;81337;15;37255;1;2
1058;74665;20;29300;5;2
1059;74397;8;31623;26;6
1060;54642;18;11443;21;6
1061;239896;9;35381;8;5
1062;233164;4;43189;26;3
1063;134887;11;41874;8;4
1064;87234;16;21280;8;6
1065;171309;2;29112;22;6
1066;192126;12;10440;12;4
1067;51058;2;37329;19;2
1068;198209;14;28338;30;6
1069;78540;14;20098;30;5
1070;201025;1;18042;9;5
1071;140869;19;23701;29;3
1072;79060;18;22170;4;3
1073;21068;20;37128;12;3
1074;89228;9;18590;27;2
1075;20542;1;31630;8;3
1076;17049;2;25050;29;6
1077;83365;16;34084;8;4
1078;23514;16;32957;25;5
1079;213308;11;26496;18;5
1080;26379;6;30274;9;2
1081;239040;17;11476;8;1
1082;43242;18;18469;14;6
1083;10474;10;28907;26;3
1084;89264;6;31334;25;6
1085;50970;3;45327;1;2
1086;153286;2;19902;30;3
1087;154569;7;31179;27;2
1088;249216;9;20349;21;2
1089;130922;11;20592;15;2
1090;95659;12;10771;26;2
1091;208701;19;32982;24;6
1092;138395;19;35610;1;5
1093;59230;1;48240;20;3
1094;165460;17;42264;20;3
1095;157326;2;22598;2;6
1096;155593;7;45105;13;5
1097;10106;1;14284;27;4
1098;101954;20;36453;10;3
1099;152324;14;30959;9;1
1100;33518;12;26317;10;4
1101;229078;7;27812;21;4
1102;230958;20;21032;16;2
1103;226771;19;41716;29;5
1104;63668;7;46148;5;3
1105;81596;3;22652;15;2
1106;17358;15;37343;29;6
1107;15862;5;40206;7;2
1108;90953;10;16288;5;5
1109;106875;1;28967;4;1
1110;125980;4;45197;19;5
1111;219432;12;31289;19;6
1112;174431;14;35363;22;5
1113;161817;17;13695;30;4
1114;108942;1;17006;26;3
1115;230809;8;42787;18;6
1116;197784;4;43583;4;6
1117;195929;4;43371;20;2
1118;229620;8;11972;25;6
1119;175990;18;10638;8;5
1120;179651;13;17577;30;1
1121;50285;7;13495;25;6
1122;63552;1;16909;29;2
1123;149000;2;19995;6;5
1124;116452;12;38639;21;2
1125;137766;18;17038;26;5
1126;209930;11;29774;11;3
1127;161245;1;31408;3;3
1128;156830;11;42470;20;2
1129;125257;10;17824;16;2
1130;185577;14;47447;28;6
1131;44884;17;47218;28;1
1132;28187;2;48341;16;5
1133;236693;13;22702;19;2
1134;194119;3;34511;5;3
1135;228168;3;31012;2;6
1136;28174;2;15058;30;1
1137;142590;19;43837;9;6
1138;13841;5;15616;11;5
1139;245552;14;42759;20;4
1140;187114;8;25288;26;1
1141;243144;11;22810;18;4
1142;226398;19;33197;21;6
1143;184526;20;44360;26;4
1144;141083;11;32110;25;6
1145;28564;9;19977;6;4
1146;183581;10;30116;22;6
1147;18794;16;31057;6;3
1148;97659;13;46694;29;1
1149;176055;6;30368;21;5
1150;142622;12;14121;26;5
1151;208695;19;47002;30;2
1152;58660;5;31485;22;4
1153;38647;18;29646;3;2
1154;43509;17;42288;17;5
1155;21140;15;39528;15;6
1156;184665;9;10489;2;2
1157;215895;16;40255;19;1
1158;20049;12;40823;13;6
1159;40449;14;23267;14;4
1160;210758;2;36414;14;4
1161;161374;9;39133;14;5
1162;103749;12;25097;28;3
1163;28452;2;45315;6;4
1164;185792;14;33510;27;3
1165;232507;19;20629;7;4
1166;73506;9;34979;28;2
1167;201669;13;30562;19;5
1168;105146;2;15359;20;4
1169;133765;6;29725;12;2
1170;37606;13;12892;23;1
1171;130716;6;27836;7;5
1172;181643;11;13806;29;3
1173;132382;6;48886;1;6
1174;219957;12;21004;2;4
1175;139527;17;19114;3;3
1176;248489;1;49342;1;4
1177;207168;8;13814;10;6
1178;109657;3;45418;12;3
1179;242196;10;41756;17;3
1180;247863;5;37313;8;3
1181;227446;11;20083;12;3
1182;34560;4;41763;2;1
1183;183449;10;33200;2;5
1184;130636;7;12999;10;1
1185;71598;20;41569;10;2
1186;100309;10;45946;29;6
1187;203628;3;23991;19;4
1188;150490;14;48862;26;5
1189;61397;13;27500;27;6
1190;203248;1;47052;8;6
1191;172119;8;33390;6;4
1192;157461;5;28799;19;6
1193;97009;13;19344;30;5
1194;167857;2;16485;3;3
1195;164956;13;15111;11;4
1196;194563;4;36028;10;3
1197;223515;3;37565;8;6
1198;102387;4;34588;1;1
1199;120544;2;43715;9;5
1200;160831;4;19128;6;4
1201;238260;6;10850;20;1
1202;222920;11;27743;12;3
1203;117566;11;38881;26;2
1204;28250;17;12089;1;6
1205;124257;18;24835;7;2
1206;15754;19;40029;6;3
1207;67119;14;36518;19;3
1208;125948;11;49487;9;4
1209;158196;1;18159;25;2
1210;81373;20;22186;18;2
1211;161749;3;20607;3;5
1212;146090;1;48816;20;4
1213;189706;8;45880;10;6
1214;103600;16;42209;28;1
1215;85546;2;38393;27;5
1216;166413;8;15951;22;6
1217;229986;14;23722;24;6
1218;166310;8;15032;27;2
1219;205242;6;18236;4;5
1220;206138;19;48082;2;3
1221;194930;3;23931;14;3
1222;232854;15;29447;9;5
1223;220076;9;26265;25;5
1224;88566;6;16927;12;2
1225;169748;8;31355;18;3
1226;230204;7;12483;28;5
1227;88662;12;22152;3;3
1228;66582;11;33170;25;2
1229;101177;12;36780;4;3
1230;160206;10;42627;18;1
1231;14608;1;37426;8;3
1232;63386;10;46113;21;2
1233;234851;17;36279;20;2
1234;63761;9;46301;3;5
1235;221124;15;32119;22;2
1236;101788;15;47719;29;1
1237;21141;18;10700;14;4
1238;201654;13;19338;11;3
1239;18903;12;26800;14;1
1240;120274;7;20061;16;2
1241;20343;6;28591;22;4
1242;32889;13;14047;11;5
1243;38986;5;25170;30;1
1244;94862;17;48846;17;6
1245;158392;4;49119;1;3
1246;99063;3;47342;8;2
1247;192100;2;22749;20;5
1248;80514;20;16792;16;5
1249;241556;13;38169;29;1
1250;224764;18;20706;22;2
1251;249990;15;13194;4;5
1252;133272;9;39845;25;2
1253;172248;1;47177;24;4
1254;32740;3;32590;6;2
1255;105727;11;19676;29;4
1256;135520;12;45797;8;1
1257;97970;9;35973;20;1
1258;174152;13;16453;2;5
1259;225464;8;42607;2;4
1260;66156;3;43453;22;6
1261;142675;12;29212;6;2
1262;201209;12;18976;17;6
1263;241928;1;32559;4;5
1264;130500;6;32877;20;1
1265;200653;9;25645;5;5
1266;188877;4;12834;26;1
1267;71421;13;29638;3;4
1268;38943;20;23467;20;5
1269;246324;11;37237;13;2
1270;100418;4;10994;11;4
1271;48603;20;31255;25;6
1272;191732;3;37930;11;3
1273;77409;19;34103;19;1
1274;83682;8;41647;4;6
1275;194072;9;45891;28;3
1276;220259;13;48002;26;3
1277;58605;15;36137;2;3
1278;141258;4;15116;12;6
1279;111852;18;18544;15;2
1280;52651;11;15118;22;6
1281;120191;1;14669;10;1
1282;140743;1;44303;27;2
1283;160609;3;15973;10;5
1284;53442;10;44884;25;3
1285;184593;20;37243;7;6
1286;193131;12;28013;25;4
1287;71096;8;28491;3;2
1288;181424;15;26865;27;1
1289;160679;10;20880;15;5
1290;97998;3;46914;4;4
1291;87953;14;15192;15;2
1292;237401;19;17811;19;1
1293;171762;12;26556;11;6
1294;116348;6;17649;20;3
1295;222458;4;20172;18;4
1296;236339;6;46091;22;1
1297;168077;10;26730;18;1
1298;115110;6;26540;2;6
1299;171350;2;11173;29;3
1300;98495;18;48499;15;4
1301;137668;14;18000;24;2
1302;92143;16;46501;29;1
1303;26720;7;27227;26;1
1304;28631;12;31017;21;2
1305;180028;17;11724;30;5
1306;50409;13;22493;15;3
1307;27366;2;14840;7;1
1308;229636;16;49193;24;5
1309;169735;16;46287;7;5
1310;61941;5;47108;1;4
1311;110159;7;40562;18;2
1312;66268;6;16276;13;1
1313;15504;19;35151;26;2
1314;74549;9;14167;6;3
1315;141075;4;36498;10;3
1316;22139;2;35277;2;4
1317;158026;17;24311;25;1
1318;236507;18;21163;14;2
1319;25767;7;47346;1;6
1320;14728;10;16772;8;5
1321;126766;6;22652;9;2
1322;137333;15;43541;7;3
1323;143240;1;12260;23;2
1324;133988;1;28498;13;1
1325;19739;9;44188;20;1
1326;54516;1;47024;1;6
1327;104106;14;37033;4;4
1328;61619;13;12966;21;3
1329;18136;15;44045;15;3
1330;81141;17;46131;12;1
1331;37509;15;29272;12;1
1332;109827;18;45622;20;2
1333;169301;20;25452;25;5
1334;123755;15;24622;30;1
1335;55513;18;30410;26;4
1336;81542;1;13672;3;5
1337;14965;7;32911;20;3
1338;146468;11;44877;8;2
1339;242289;17;19218;29;5
1340;17955;12;37247;29;6
1341;205924;3;29978;4;5
1342;238172;13;17352;16;6
1343;247918;9;26470;8;6
1344;130251;7;16296;4;4
1345;208441;10;17594;10;5
1346;177383;3;39881;20;2
1347;141276;16;11400;12;4
1348;123818;19;21380;13;5
1349;26463;14;21415;1;5
1350;213880;17;48914;1;3
1351;162576;16;24455;23;5
1352;131871;6;38544;28;2
1353;174138;11;12885;12;4
1354;204249;2;49387;4;2
1355;225502;13;37252;22;6
1356;16856;5;30811;8;6
1357;15816;18;18152;26;3
1358;103817;5;16678;15;6
1359;82502;12;12678;4;1
1360;73005;2;13232;16;3
1361;203575;17;43652;4;3
1362;157963;16;46970;9;2
1363;221825;13;23419;2;4
1364;160883;20;42162;18;6
1365;82518;3;29382;11;3
1366;28339;4;18782;18;3
1367;241349;14;38743;3;4
1368;189123;4;41442;3;4
1369;247729;2;39430;27;5
1370;241301;8;36702;4;1
1371;57965;11;34379;6;4
1372;151922;18;34430;12;5
1373;91278;8;41224;17;4
1374;36860;7;18940;1;1
1375;22953;16;38517;7;4
1376;212777;10;13611;25;5
1377;38330;10;33986;22;3
1378;18077;4;34636;17;4
1379;89007;1;45286;25;5
1380;227328;12;41059;4;3
1381;121326;7;21999;1;1
1382;73649;12;41178;7;4
1383;133192;7;37772;12;6
1384;21087;7;42489;18;2
1385;35956;15;43243;4;1
1386;128527;9;17218;28;1
1387;61517;8;46468;10;1
1388;19592;5;39344;8;3
1389;240711;4;39982;5;3
1390;153021;16;40905;4;1
1391;189513;14;19922;24;4
1392;17922;20;37834;19;6
1393;236180;5;15043;20;1
1394;89071;2;27838;11;2
1395;46282;13;20788;30;2
1396;45968;17;21455;12;3
1397;19987;12;42925;14;5
1398;108056;6;15839;4;2
1399;10991;13;41343;11;2
1400;106025;12;46578;11;1
1401;196488;20;42715;15;5
1402;139249;14;20586;4;3
1403;123242;10;36164;29;5
1404;90634;1;39914;28;5
1405;119922;16;13201;30;5
1406;63993;17;36861;10;5
1407;23057;5;29605;7;1
1408;216865;8;36596;2;1
1409;89031;16;21082;26;4
1410;190953;2;42764;11;4
1411;59128;10;12436;10;4
1412;124749;18;18585;27;6
1413;145017;2;22813;7;1
1414;212992;20;12953;14;4
1415;13581;17;47762;18;4
1416;167330;10;49676;30;4
1417;96088;2;40777;30;2
1418;83558;10;28201;1;4
1419;175830;6;49774;7;5
1420;39600;3;47675;14;3
1421;157817;15;15033;19;3
1422;230195;10;49162;19;5
1423;93188;16;27604;12;2
1424;229070;18;40795;19;4
1425;231927;1;34893;9;2
1426;48912;10;37509;5;6
1427;141262;5;12399;23;6
1428;216204;15;10635;28;2
1429;238201;11;39582;13;3
1430;165253;4;47225;22;6
1431;105999;5;19956;25;6
1432;228432;14;31070;24;2
1433;249598;16;26791;19;3
1434;66353;10;23059;23;2
1435;161314;20;15734;4;3
1436;125415;14;44852;3;4
1437;161959;10;31466;23;6
1438;47168;1;19148;4;1
1439;34081;18;23100;30;3
1440;204018;7;14475;10;3
1441;58201;3;35251;27;3
1442;148248;6;46831;25;2
1443;160298;16;44311;26;3
1444;127643;15;49198;24;4
1445;139359;3;10483;27;6
1446;187164;8;17430;9;6
1447;97910;17;48590;20;3
1448;156088;6;22166;26;1
1449;41147;7;47089;17;3
1450;174041;4;23394;7;4
1451;28727;3;10537;23;2
1452;204739;6;16215;25;3
1453;38393;11;48101;7;1
1454;18082;20;30164;3;5
1455;82798;2;32124;7;5
1456;192237;20;11917;22;2
1457;199044;4;33626;27;2
1458;90887;9;12649;2;6
1459;142955;16;27583;17;5
1460;95130;19;16709;10;3
1461;155128;16;28972;7;5
1462;120472;13;28357;20;5
1463;73538;20;32501;24;3
1464;13161;19;21129;28;6
1465;201472;6;45584;13;5
1466;176103;17;17113;12;5
1467;75502;20;24074;16;6
1468;34792;9;23910;15;6
1469;20783;18;32191;6;6
1470;232376;13;34059;29;3
1471;41160;7;26834;25;6
1472;153104;10;21769;2;3
1473;137851;2;10618;20;2
1474;13074;20;20670;19;2
1475;81938;18;13046;3;6
1476;187982;16;35604;19;1
1477;77554;11;12815;16;2
1478;103344;5;44206;21;3
1479;217496;5;21708;9;2
1480;118586;18;12287;27;6
1481;23414;1;44195;15;6
1482;225414;7;14294;27;1
1483;23064;10;12525;19;3
1484;92460;20;17068;16;3
1485;85989;2;19057;11;4
1486;17302;10;43815;13;4
1487;108751;1;35193;21;6
1488;141316;13;27104;9;6
1489;225731;1;15615;8;1
1490;147634;8;34651;25;3
1491;152312;17;17648;7;3
1492;239314;12;46221;19;6
1493;139528;8;49965;26;6
1494;248336;13;10496;30;1
1495;69890;1;24672;15;3
1496;201392;5;41172;21;1
1497;201475;10;28875;23;4
1498;162588;1;26385;21;1
1499;185885;7;18657;2;3
1500;248513;11;21478;17;6
