años_de_estudio;inversion_en_educacion;ingresos_mensuales;gastos_mensuales;horas_mensuales;genero;nivel_de_vida
8;14503;6309;9820;157;0;Normal
8;15083;11420;6943;150;0;Normal
13;36450;24731;22733;104;0;Lujosa
6;5083;5268;2627;163;0;Limitante
8;13305;9908;6419;155;1;Normal
12;12353;16598;15465;139;0;Prospera
13;42958;41008;23988;117;1;Lujosa
2;1180;2626;1816;194;0;Precaria
6;7853;4374;5096;172;1;Limitante
11;22710;20369;11420;130;0;Prospera
7;10197;7385;9728;158;1;Normal
2;3085;1806;1920;196;1;Precaria
4;7097;5552;3827;175;0;Limitante
2;1412;2861;1754;195;0;Precaria
11;16031;15072;15777;131;0;Prospera
15;33501;35979;20506;111;0;Lujosa
1;1195;1209;2282;195;0;Precaria
11;17855;17093;14326;142;1;Prospera
11;15222;13944;11568;132;0;Prospera
12;22098;21749;14049;132;0;Prospera
13;49670;42250;23227;109;0;Lujosa
14;61483;47667;20778;105;0;Lujosa
7;9130;6842;6445;157;0;Normal
8;8037;7881;6513;156;1;Normal
8;14515;11321;7583;158;0;Normal
14;52948;40807;22195;107;1;Lujosa
13;38558;44450;21171;109;0;Lujosa
13;60593;33182;21418;113;0;Lujosa
10;14771;20739;16809;137;0;Prospera
10;18378;12517;13269;127;1;Prospera
12;19729;21808;13727;146;1;Prospera
12;21887;17386;15785;143;0;Prospera
12;22911;20962;10703;132;0;Prospera
2;3625;1363;1438;185;1;Precaria
10;20544;16607;11877;143;0;Prospera
15;62265;34649;20054;117;1;Lujosa
14;33635;29638;22100;113;1;Lujosa
8;11219;7364;9697;150;1;Normal
10;13570;23626;10403;136;1;Prospera
9;11933;11194;5872;151;0;Normal
5;7429;4745;3768;178;1;Limitante
13;50452;36440;21753;119;1;Lujosa
12;17425;21109;17048;133;0;Prospera
12;21515;15187;14332;128;0;Prospera
12;17499;22168;17940;141;1;Prospera
15;29513;35019;19458;100;1;Lujosa
3;3793;2905;1186;184;0;Precaria
6;7853;4529;4519;179;0;Limitante
2;2442;2185;2458;181;1;Precaria
1;1410;1372;1126;187;1;Precaria
11;13080;20800;13466;139;0;Prospera
4;4301;3336;3364;163;0;Limitante
10;17852;12263;12384;122;1;Prospera
12;22618;15138;17419;146;0;Prospera
14;36408;46605;20528;106;0;Lujosa
3;1678;2272;2296;186;0;Precaria
14;44071;28436;19124;104;0;Lujosa
14;39524;37784;22276;109;0;Lujosa
3;2048;2846;1967;184;0;Precaria
6;5957;3235;3077;173;1;Limitante
3;1763;2713;1653;180;0;Precaria
7;14766;11874;7707;153;0;Normal
15;32999;28727;19769;106;1;Lujosa
2;3525;1828;1295;184;1;Precaria
1;2075;1218;2060;191;0;Precaria
3;2026;1201;2388;193;1;Precaria
7;9599;9831;9820;159;1;Normal
2;1684;2368;980;190;0;Precaria
7;14186;7731;6339;159;1;Normal
5;4006;5589;2916;164;0;Limitante
4;6669;5944;2613;178;1;Limitante
5;7684;3736;5093;179;0;Limitante
11;13018;16399;13624;137;0;Prospera
10;12069;22635;12409;132;0;Prospera
6;6397;3697;4186;175;1;Limitante
6;5726;4982;5010;165;0;Limitante
11;18575;13328;15538;132;0;Prospera
12;12913;15259;16408;122;1;Prospera
6;7319;4873;4712;163;0;Limitante
9;12127;8233;7816;157;1;Normal
10;19649;18752;14998;139;0;Prospera
11;21783;12879;12483;132;0;Prospera
15;57185;49767;20179;113;0;Lujosa
10;20115;17709;11274;147;1;Prospera
10;17756;17215;12758;134;1;Prospera
4;6677;5977;2627;178;1;Limitante
10;23626;23989;16300;143;0;Prospera
11;22717;22343;16094;131;0;Prospera
3;3620;2483;1688;200;0;Precaria
6;5289;3982;2847;160;1;Limitante
14;27446;25292;22217;114;1;Lujosa
11;21266;15773;16995;132;1;Prospera
15;60317;32139;21275;108;0;Lujosa
14;48035;48269;23761;118;1;Lujosa
4;5557;4779;3936;169;0;Limitante
6;4752;4510;3359;163;1;Limitante
9;11111;8936;8004;158;1;Normal
9;9887;8429;8249;152;1;Normal
6;7254;3416;2869;165;1;Limitante
6;6219;5016;3636;178;0;Limitante
4;4088;3932;3451;162;0;Limitante
9;9451;9340;8774;150;0;Normal
13;57360;31885;19833;106;1;Lujosa
9;10629;9475;8127;155;0;Normal
3;3425;2549;1374;200;0;Precaria
5;5260;5714;4014;173;1;Limitante
2;2468;2851;1673;189;0;Precaria
5;4957;4820;5219;161;0;Limitante
13;60992;31387;20193;100;1;Lujosa
9;8505;8254;7361;150;0;Normal
5;7956;5983;2766;177;1;Limitante
11;20619;23796;12478;140;1;Prospera
14;62338;33425;23219;119;0;Lujosa
9;8429;7080;5949;150;1;Normal
11;20596;22330;15784;143;1;Prospera
8;15990;9417;6854;154;0;Normal
2;2613;2191;2317;187;1;Precaria
3;3594;1013;1864;183;1;Precaria
15;42378;48429;20877;103;1;Lujosa
1;3198;2886;1150;188;1;Precaria
12;18046;13036;11137;127;0;Prospera
9;15172;11890;7227;157;1;Normal
4;7071;5418;5200;161;1;Limitante
14;26037;41308;20347;118;0;Lujosa
8;10638;7892;9447;157;1;Normal
12;16800;14185;16465;144;1;Prospera
1;1204;1114;1047;200;0;Precaria
11;20823;20881;15804;137;0;Prospera
4;5333;4858;4642;175;1;Limitante
13;34288;36346;20432;102;0;Lujosa
2;1209;2403;1940;189;1;Precaria
4;4222;4098;2792;174;0;Limitante
13;56366;29594;18402;117;1;Lujosa
7;12959;10035;8811;152;0;Normal
9;10468;10073;9318;154;0;Normal
9;14406;8679;6623;151;0;Normal
7;10444;11170;6479;153;1;Normal
13;36537;38517;22991;108;0;Lujosa
13;27433;33143;23712;114;1;Lujosa
2;1594;1721;1994;198;0;Precaria
6;7899;5131;4272;161;0;Limitante
15;55613;26766;20609;115;1;Lujosa
2;2046;2206;1687;186;0;Precaria
9;15622;8898;6427;152;0;Normal
6;7000;3347;3620;165;1;Limitante
7;15048;6470;5955;157;1;Normal
13;28885;25962;21079;117;0;Lujosa
11;13185;16404;15260;130;0;Prospera
15;27478;33082;21479;107;0;Lujosa
13;48491;41573;22600;117;0;Lujosa
2;1369;1052;1300;196;1;Precaria
10;20127;17089;16393;143;0;Prospera
2;3751;2523;1373;193;0;Precaria
10;20238;19689;17143;120;1;Prospera
12;19416;17361;12744;136;0;Prospera
14;45654;32252;20125;104;0;Lujosa
11;22546;14731;13490;148;1;Prospera
12;12266;16190;12670;121;0;Prospera
6;4657;5982;3229;177;0;Limitante
4;7189;5068;4788;163;1;Limitante
11;20952;22763;14904;147;1;Prospera
1;3907;2335;2233;195;1;Precaria
1;1004;2035;957;190;0;Precaria
14;40944;44123;18626;118;0;Lujosa
4;4466;3607;3878;164;1;Limitante
4;7445;3387;4203;174;1;Limitante
10;12349;13561;16233;129;1;Prospera
11;16839;17280;16936;146;0;Prospera
1;2582;1232;2422;189;1;Precaria
12;19902;22051;17211;131;1;Prospera
9;8692;6517;5992;155;0;Normal
4;7068;4913;4574;176;1;Limitante
10;15047;20915;17034;142;1;Prospera
7;9621;6618;6944;154;0;Normal
9;9979;7152;9526;150;1;Normal
7;10143;9173;9355;153;1;Normal
15;53791;43808;22041;107;1;Lujosa
1;1592;1687;2339;191;0;Precaria
14;47700;34014;23334;104;1;Lujosa
7;15157;9340;9447;156;0;Normal
9;8965;10725;7658;157;1;Normal
5;5951;4296;2933;160;1;Limitante
4;5304;5796;3183;175;1;Limitante
1;1048;1391;1111;186;0;Precaria
13;56029;29728;18154;102;1;Lujosa
11;15844;13624;15038;134;1;Prospera
7;11469;7333;7898;158;1;Normal
2;1755;2155;1385;188;1;Precaria
8;10852;6884;7000;158;1;Normal
9;8947;6821;8994;156;1;Normal
11;21361;23393;16634;125;1;Prospera
7;8711;8311;9779;151;1;Normal
2;2311;1249;1836;198;0;Precaria
1;1599;1265;1966;194;0;Precaria
2;2907;1378;2074;180;0;Precaria
12;13651;20872;11987;125;1;Prospera
14;63787;44767;18222;102;0;Lujosa
8;12078;8800;7017;151;1;Normal
15;50261;36031;23834;108;1;Lujosa
14;55305;32026;20004;104;0;Lujosa
13;36571;49602;19055;111;1;Lujosa
1;2862;2487;1261;196;1;Precaria
3;3029;2278;949;181;0;Precaria
1;2746;1826;1777;184;0;Precaria
13;33048;29040;22256;109;1;Lujosa
6;7648;3002;5188;176;1;Limitante
2;1667;1920;1333;180;1;Precaria
8;15587;9874;9305;154;0;Normal
3;1748;1741;1038;185;1;Precaria
2;3057;2589;1576;181;0;Precaria
7;13817;10045;9509;157;1;Normal
10;17866;15433;10153;132;0;Prospera
5;4882;4719;5352;169;0;Limitante
8;8521;9288;7399;151;1;Normal
11;17793;16758;10371;124;0;Prospera
12;17279;14713;15722;140;1;Prospera
10;13314;20314;16139;144;0;Prospera
5;5200;3494;4623;178;1;Limitante
8;12815;7654;8822;155;0;Normal
13;24948;35035;22149;114;1;Lujosa
7;9520;7262;8102;158;1;Normal
3;3565;1238;2068;187;0;Precaria
4;4335;5045;3335;160;0;Limitante
10;18214;23636;10232;141;1;Prospera
7;10293;8810;6412;155;0;Normal
4;6734;5243;3919;165;0;Limitante
12;12249;17498;15178;120;1;Prospera
3;3803;1912;1681;181;1;Precaria
12;19646;18471;15056;121;0;Prospera
13;26754;42974;20777;117;0;Lujosa
4;7804;5558;2832;179;1;Limitante
2;1222;1852;1316;195;1;Precaria
1;2349;2394;2264;184;1;Precaria
4;6266;5030;4797;167;1;Limitante
9;9877;6714;6145;159;1;Normal
5;6051;4712;2576;163;1;Limitante
2;1174;2174;2209;198;1;Precaria
13;25227;49620;19049;118;1;Lujosa
3;3707;1033;1076;182;1;Precaria
14;49902;45598;21508;119;1;Lujosa
4;4010;3844;4500;163;0;Limitante
6;6786;5839;3900;160;1;Limitante
11;20367;23749;16017;142;1;Prospera
13;58156;43242;19196;116;0;Lujosa
10;22893;13639;16768;135;0;Prospera
2;1716;2886;2159;184;1;Precaria
15;50389;35519;21587;113;1;Lujosa
5;7181;3345;4732;166;1;Limitante
3;2494;2917;2150;191;1;Precaria
9;14877;6044;9577;154;1;Normal
9;13168;8208;8303;153;0;Normal
5;6154;4262;4714;162;1;Limitante
11;13778;23489;11685;126;1;Prospera
4;4669;4667;3986;164;0;Limitante
1;1744;2022;1076;185;0;Precaria
4;7921;4018;4803;176;0;Limitante
6;4022;4564;3061;178;0;Limitante
4;5756;4659;3986;179;0;Limitante
9;14459;7059;9833;157;0;Normal
11;19928;13764;14607;134;1;Prospera
13;54422;32601;19662;113;1;Lujosa
15;53464;36747;23368;113;1;Lujosa
6;5156;4108;5136;168;0;Limitante
9;12474;11483;8594;151;1;Normal
15;35889;31943;20299;112;0;Lujosa
9;14876;11679;9123;155;0;Normal
9;10391;9607;8421;151;0;Normal
9;10665;8124;9696;157;0;Normal
2;3789;2624;2478;196;0;Precaria
1;1837;2789;2112;184;1;Precaria
15;35927;49242;22074;116;1;Lujosa
5;7958;5355;2832;174;0;Limitante
3;2335;1775;1128;187;1;Precaria
1;2505;2450;1425;195;0;Precaria
12;14931;22061;11438;131;1;Prospera
6;4396;3436;4097;162;1;Limitante
5;5886;4418;3771;178;1;Limitante
15;50700;32218;19560;108;0;Lujosa
3;3789;1657;2051;183;1;Precaria
8;14535;11732;9821;157;0;Normal
4;6781;4005;2740;168;0;Limitante
6;7714;5136;4583;174;0;Limitante
3;1744;2161;1639;192;1;Precaria
6;4919;4635;3681;167;1;Limitante
6;5736;4725;5089;178;0;Limitante
4;5967;3805;3688;179;0;Limitante
15;26776;37504;20345;114;0;Lujosa
10;14408;20857;12102;132;0;Prospera
13;24082;37128;20844;109;1;Lujosa
7;15279;6599;8841;159;1;Normal
15;52648;26725;19091;113;0;Lujosa
13;38531;25494;18870;101;1;Lujosa
5;7300;3641;3367;173;0;Limitante
9;14585;6439;6486;154;1;Normal
14;61242;27976;20281;106;1;Lujosa
15;59693;42760;19818;106;1;Lujosa
6;7088;4555;4796;167;1;Limitante
9;15130;11077;6991;154;1;Normal
4;4110;5047;2547;172;1;Limitante
10;22638;13812;11808;146;0;Prospera
13;44307;44920;21527;116;0;Lujosa
12;14213;17782;15673;130;0;Prospera
10;13343;13766;16893;127;1;Prospera
15;61525;48231;22806;108;0;Lujosa
12;18684;17651;17165;144;0;Prospera
5;4510;4258;5066;174;1;Limitante
7;9912;11040;9959;157;1;Normal
13;33284;37242;18524;112;0;Lujosa
13;53180;29921;21977;103;0;Lujosa
9;9373;11033;9484;158;0;Normal
12;22906;12544;12403;133;0;Prospera
5;7155;4227;5283;178;0;Limitante
8;14444;11810;9677;152;0;Normal
9;12737;6764;7902;152;1;Normal
8;8066;10291;5992;152;1;Normal
4;4276;3970;3815;164;0;Limitante
14;61254;38477;18222;110;1;Lujosa
9;8252;8516;8694;152;0;Normal
8;11861;6932;5661;157;0;Normal
5;5232;4088;4231;167;0;Limitante
4;5614;5511;3442;174;1;Limitante
2;3131;2833;1675;200;0;Precaria
9;11331;11512;7037;152;1;Normal
11;19463;16625;15880;129;1;Prospera
15;36530;30412;19362;112;1;Lujosa
6;4657;4064;4184;177;0;Limitante
1;1069;2272;1088;196;0;Precaria
13;25439;37489;22075;118;1;Lujosa
8;11325;8215;5504;152;1;Normal
4;7456;3182;5066;176;0;Limitante
9;14558;7125;9700;154;0;Normal
2;3744;2085;1019;199;1;Precaria
6;5989;4760;4661;168;1;Limitante
10;19107;14660;14076;139;0;Prospera
3;3051;2029;2146;180;1;Precaria
11;22679;12969;16205;140;1;Prospera
7;12537;11744;9112;150;0;Normal
14;46394;24798;20308;116;1;Lujosa
12;15870;14644;12260;137;0;Prospera
1;1449;2921;2474;198;1;Precaria
6;6138;5378;2734;176;1;Limitante
7;15512;6419;9910;156;0;Normal
15;41947;31485;22538;111;1;Lujosa
14;24187;26429;18347;114;0;Lujosa
12;17294;16117;14606;131;1;Prospera
6;5632;4742;3735;169;1;Limitante
6;5037;3094;4645;173;0;Limitante
14;52154;48456;19728;116;0;Lujosa
9;12384;11330;7478;154;0;Normal
10;21394;17126;16819;123;0;Prospera
2;2745;1634;1849;197;0;Precaria
5;4788;3475;3169;169;1;Limitante
3;1817;1047;2108;189;0;Precaria
14;27358;31424;22833;101;1;Lujosa
12;21262;13901;12039;142;1;Prospera
9;15800;11576;8195;159;1;Normal
9;8823;9440;9660;159;0;Normal
8;8971;8724;9047;159;0;Normal
14;27732;46359;18491;109;0;Lujosa
2;3840;2372;1645;196;1;Precaria
10;22380;18047;16407;138;1;Prospera
15;64691;28288;23205;113;1;Lujosa
9;8020;11304;9240;150;0;Normal
5;5356;3680;4499;176;1;Limitante
10;22292;18758;12012;144;1;Prospera
14;36606;27558;18865;106;0;Lujosa
2;2679;1521;2340;186;0;Precaria
12;20144;16488;16498;126;0;Prospera
8;10800;9705;6508;153;1;Normal
5;4725;3170;4446;162;1;Limitante
13;24457;43319;22741;111;0;Lujosa
1;2081;1825;1600;190;0;Precaria
1;2691;2794;1636;185;1;Precaria
4;7068;4272;4098;164;0;Limitante
5;6741;5006;5092;175;1;Limitante
12;23710;18415;11329;139;1;Prospera
1;2711;2834;2037;181;0;Precaria
10;17686;23290;13897;128;0;Prospera
3;1722;2743;2158;185;0;Precaria
9;9481;8903;8995;152;1;Normal
7;14665;7295;5529;152;1;Normal
10;13211;13828;11989;145;0;Prospera
4;4658;3720;5251;161;0;Limitante
9;8787;9171;5639;155;0;Normal
7;13153;11934;7296;155;1;Normal
5;6574;5186;4908;178;1;Limitante
4;4699;5967;5165;162;0;Limitante
9;9242;6290;5720;153;0;Normal
1;3715;2129;1203;187;0;Precaria
11;21241;21883;12600;130;0;Prospera
8;8762;11783;9693;151;0;Normal
11;18912;12001;11284;141;1;Prospera
9;13699;7185;9093;158;1;Normal
11;14512;12742;13118;143;1;Prospera
11;18702;16377;11608;132;1;Prospera
6;4226;3671;2599;161;0;Limitante
9;10012;10765;9194;151;1;Normal
9;15821;8666;9918;150;0;Normal
3;3236;2220;1209;193;0;Precaria
5;7477;4130;4859;169;0;Limitante
4;4475;5782;2727;168;0;Limitante
7;10704;9656;8195;157;1;Normal
3;3030;1717;1422;196;0;Precaria
8;8750;6773;8151;156;1;Normal
4;7138;5934;4142;162;1;Limitante
14;34429;29365;23349;112;1;Lujosa
13;31788;43268;18065;101;1;Lujosa
5;4386;3075;3952;171;0;Limitante
1;3227;1658;2434;181;1;Precaria
2;3146;2191;1761;192;1;Precaria
11;14867;15175;16943;137;1;Prospera
14;36957;28533;22408;105;0;Lujosa
1;2055;1190;1212;187;1;Precaria
8;11767;10148;9727;159;1;Normal
2;2587;1786;2023;180;0;Precaria
11;18118;16734;16923;134;1;Prospera
5;6467;4531;2986;172;0;Limitante
8;12814;7634;9833;157;1;Normal
7;13981;7781;8289;158;0;Normal
6;5678;3605;2795;178;0;Limitante
14;42314;35427;23595;119;1;Lujosa
4;4924;5517;5091;167;0;Limitante
1;2291;1902;2462;182;0;Precaria
10;12122;19506;11957;147;1;Prospera
15;45675;43207;19793;107;0;Lujosa
3;2582;1627;1185;199;1;Precaria
11;16677;18785;15721;123;0;Prospera
2;2088;1707;1419;192;0;Precaria
13;47674;35881;22517;107;1;Lujosa
2;3540;2081;1761;195;1;Precaria
3;3109;2144;1331;184;0;Precaria
12;23063;17025;15585;134;1;Prospera
13;30309;41927;20818;117;0;Lujosa
12;17002;19862;13687;136;1;Prospera
12;19813;15282;13345;144;1;Prospera
9;13959;7886;9849;152;0;Normal
9;12599;8923;9905;153;0;Normal
10;14155;13943;14747;122;0;Prospera
7;14950;9066;9787;157;0;Normal
5;5344;5377;4091;163;0;Limitante
15;49366;47034;23203;104;1;Lujosa
2;2060;1557;1427;189;0;Precaria
4;4557;5448;2641;162;1;Limitante
13;57361;33956;19793;110;0;Lujosa
9;10721;11067;7944;155;0;Normal
11;12714;13964;15966;127;1;Prospera
1;2495;1333;1156;189;1;Precaria
6;5256;4845;2624;160;0;Limitante
8;13703;6177;6306;151;1;Normal
11;12590;22805;13035;125;1;Prospera
4;6293;4050;3276;161;1;Limitante
6;6248;3897;2553;162;1;Limitante
15;26589;37756;19106;102;1;Lujosa
4;6546;3991;3194;168;1;Limitante
8;11844;6329;7118;151;1;Normal
2;2129;1049;1245;191;1;Precaria
14;44145;46588;21850;101;1;Lujosa
9;8557;9324;8070;153;0;Normal
1;2074;1739;1544;194;0;Precaria
13;53875;30998;22318;106;1;Lujosa
13;43189;48490;18489;101;1;Lujosa
8;10750;8242;7298;157;1;Normal
9;10974;10861;5967;156;1;Normal
12;15931;23031;12092;133;0;Prospera
10;20438;14266;15578;133;0;Prospera
11;16477;20212;10663;144;1;Prospera
7;13270;10124;9828;156;0;Normal
8;10681;7351;8414;154;0;Normal
1;1387;1141;1686;200;0;Precaria
15;54468;42191;18811;102;1;Lujosa
5;6065;3658;3828;172;1;Limitante
2;2980;1831;1274;192;1;Precaria
2;2582;1302;1612;199;0;Precaria
10;18760;22508;17145;127;1;Prospera
14;60526;45673;19947;112;0;Lujosa
13;30645;30807;20068;112;0;Lujosa
5;4122;4130;3388;178;0;Limitante
2;3632;2388;1689;187;0;Precaria
13;24568;43901;21403;103;0;Lujosa
8;8643;8597;8560;154;0;Normal
12;20839;17181;11629;127;1;Prospera
4;4965;4740;3724;169;1;Limitante
15;59863;27001;22411;107;1;Lujosa
3;2817;2063;2394;193;1;Precaria
8;10439;8514;7713;151;1;Normal
7;14032;7840;8178;152;0;Normal
8;15462;8167;5574;154;0;Normal
11;21257;21591;10047;146;1;Prospera
7;9451;11245;9202;157;1;Normal
10;15429;21558;13887;132;1;Prospera
12;12206;15535;11078;140;1;Prospera
9;14153;9750;8343;156;1;Normal
7;9838;9578;8423;156;0;Normal
2;2601;2931;1948;193;1;Precaria
13;36288;25756;19525;106;0;Lujosa
3;3389;1024;1327;198;0;Precaria
11;16884;13054;15465;146;0;Prospera
3;3001;1933;1020;194;1;Precaria
2;1364;2300;1032;184;1;Precaria
7;11782;9455;9666;150;0;Normal
5;7336;3035;3278;175;0;Limitante
1;3067;1036;900;200;1;Precaria
8;8650;10641;6693;154;1;Normal
8;14013;7427;6732;152;1;Normal
10;23587;20440;15672;132;0;Prospera
2;3420;1812;2077;186;1;Precaria
5;4178;3443;4084;177;1;Limitante
7;12925;11849;5421;159;1;Normal
2;1158;1107;2293;181;0;Precaria
1;1935;2711;908;185;1;Precaria
13;42913;42089;22221;111;1;Lujosa
3;1514;2972;1154;193;1;Precaria
7;9995;11942;9131;154;0;Normal
11;13308;21579;12019;142;1;Prospera
5;5050;3390;3012;167;0;Limitante
15;64955;24016;18219;107;1;Lujosa
9;12666;6486;7891;150;1;Normal
10;17368;21809;14390;147;0;Prospera
3;3306;1776;2445;199;1;Precaria
11;23553;15442;12139;122;1;Prospera
3;3323;1027;1431;186;1;Precaria
14;38059;39731;20363;102;0;Lujosa
2;2002;1901;2459;191;1;Precaria
11;14572;23478;13054;131;1;Prospera
10;21856;18689;13148;120;1;Prospera
5;7273;5496;2584;164;1;Limitante
1;1459;1217;1435;195;1;Precaria
8;8157;10523;8035;154;1;Normal
15;52736;34476;22362;114;1;Lujosa
13;26327;36894;22387;114;1;Lujosa
12;13878;16316;11680;143;0;Prospera
1;2294;1575;2160;183;1;Precaria
9;10196;9817;9200;156;1;Normal
11;12439;21921;16901;134;0;Prospera
14;53801;32572;19478;105;0;Lujosa
13;24923;24964;18886;118;1;Lujosa
1;1806;1578;1062;195;0;Precaria
10;16563;13308;17625;135;0;Prospera
13;50011;28630;20276;118;0;Lujosa
6;5266;5077;3386;170;1;Limitante
2;3128;2817;1489;197;0;Precaria
15;49381;28490;21796;104;0;Lujosa
3;2600;1346;2425;185;0;Precaria
10;14147;18862;11533;146;1;Prospera
14;57208;37636;19540;108;1;Lujosa
7;14718;11324;9039;158;0;Normal
2;2705;2907;1096;199;0;Precaria
8;11624;8775;6369;154;1;Normal
13;37794;29616;21811;101;0;Lujosa
9;13990;11073;6777;156;1;Normal
10;21845;18605;16786;148;1;Prospera
9;11694;7453;8430;152;1;Normal
5;4982;5915;2771;177;0;Limitante
9;12258;11315;8614;158;1;Normal
3;3311;2216;1253;183;0;Precaria
12;13699;22108;14184;142;1;Prospera
13;45453;45172;22969;100;0;Lujosa
9;14232;8717;7748;156;0;Normal
11;23994;20249;13511;135;0;Prospera
2;2525;2100;1078;192;0;Precaria
14;49837;25494;20703;108;1;Lujosa
5;4732;3004;3738;169;0;Limitante
1;2127;1080;2255;183;0;Precaria
7;10067;8859;9347;156;0;Normal
15;53851;25952;21930;113;1;Lujosa
2;1497;1607;2242;186;0;Precaria
7;12156;6579;6234;159;0;Normal
4;5985;5723;3329;162;0;Limitante
14;40579;48149;19249;107;1;Lujosa
3;2497;2824;1708;186;0;Precaria
15;62426;36475;19403;111;1;Lujosa
10;14807;16542;10021;146;1;Prospera
13;48716;31827;18667;117;1;Lujosa
13;53978;28583;20577;106;1;Lujosa
10;15935;16708;15607;125;1;Prospera
13;53243;46618;19631;104;1;Lujosa
6;4219;4273;3517;174;0;Limitante
2;1978;2662;1930;185;0;Precaria
8;12960;11315;9881;157;1;Normal
15;47558;40213;18409;116;0;Lujosa
15;40826;35358;19083;101;0;Lujosa
10;22340;22814;10852;121;0;Prospera
3;2312;1199;2425;196;1;Precaria
11;20448;16499;12759;139;1;Prospera
12;21126;13231;16024;130;0;Prospera
10;23345;13357;11912;145;0;Prospera
12;16661;17267;15705;120;1;Prospera
12;21852;20147;12885;122;1;Prospera
14;57025;34185;21735;113;1;Lujosa
7;10578;11115;9114;150;1;Normal
7;11994;6996;9836;157;1;Normal
7;9153;11183;9191;154;0;Normal
15;47476;35105;21824;104;0;Lujosa
1;1537;1871;1026;185;0;Precaria
6;4610;5453;3136;171;0;Limitante
2;3356;1083;1823;182;1;Precaria
13;59532;39780;19821;101;0;Lujosa
15;28437;26145;19831;117;1;Lujosa
10;20036;12595;10790;128;1;Prospera
2;3894;2226;1240;191;0;Precaria
5;4450;4721;3346;166;0;Limitante
10;17071;23279;12487;149;0;Prospera
1;1993;2967;1181;192;0;Precaria
3;2341;1883;1612;181;1;Precaria
5;4890;5192;4017;165;1;Limitante
6;6476;5729;4855;166;1;Limitante
9;14875;7260;7935;157;1;Normal
6;4188;5701;2896;161;1;Limitante
1;3036;2904;2374;184;1;Precaria
11;21363;14153;11038;125;0;Prospera
9;12909;10550;5554;154;0;Normal
6;4367;5033;2651;163;0;Limitante
5;5826;4542;3796;172;1;Limitante
8;8704;6407;7019;156;0;Normal
8;15532;11382;7086;157;0;Normal
12;12784;19311;14236;141;0;Prospera
14;36538;31700;23315;102;1;Lujosa
9;15230;8277;8581;156;0;Normal
5;7390;3344;2668;174;1;Limitante
15;57609;44790;19435;112;1;Lujosa
13;51633;44376;23742;119;0;Lujosa
11;21620;22550;17541;138;1;Prospera
3;3822;2915;975;183;1;Precaria
15;25505;42013;20335;118;1;Lujosa
10;18223;15895;13202;141;1;Prospera
9;9943;8009;8710;154;0;Normal
1;1174;2200;2333;193;1;Precaria
10;18422;21828;12680;136;1;Prospera
5;5883;3494;5095;177;1;Limitante
6;5802;5406;5331;171;0;Limitante
10;21315;16038;14830;132;0;Prospera
13;42799;45308;19306;105;0;Lujosa
4;4673;5761;3650;166;1;Limitante
8;14647;6145;9690;155;0;Normal
14;64170;37260;22794;119;1;Lujosa
8;12879;9087;7633;159;0;Normal
1;3479;1191;1038;190;1;Precaria
13;40350;35740;19253;113;0;Lujosa
6;7295;5942;3966;160;0;Limitante
12;23226;15115;10235;129;0;Prospera
15;43717;41913;18769;102;0;Lujosa
14;35693;41682;20322;107;0;Lujosa
11;22084;16651;17366;142;0;Prospera
4;5289;4311;5047;178;1;Limitante
4;4191;3922;2795;169;1;Limitante
14;55850;27023;19227;116;1;Lujosa
11;12397;12204;13335;144;1;Prospera
6;6929;4592;5000;176;0;Limitante
9;13638;11569;7643;153;1;Normal
7;11164;9944;7216;153;1;Normal
9;12518;10128;9567;154;1;Normal
13;24249;45871;23730;116;1;Lujosa
4;4421;3699;5094;174;0;Limitante
12;15864;18292;10948;143;1;Prospera
1;1499;1584;1929;193;1;Precaria
9;13355;11495;7402;150;0;Normal
6;4445;3647;4415;164;0;Limitante
13;61522;33715;18610;117;0;Lujosa
2;1993;1419;2020;191;1;Precaria
4;7433;5471;3682;166;1;Limitante
6;4278;3625;3085;173;1;Limitante
12;20926;18460;17112;125;0;Prospera
3;3973;1001;1789;181;0;Precaria
4;5317;4918;5132;172;0;Limitante
12;19614;22264;11715;132;0;Prospera
4;6003;3595;4152;164;0;Limitante
13;39305;47527;18726;119;1;Lujosa
15;40236;29785;21136;118;1;Lujosa
14;49100;27877;19871;104;0;Lujosa
14;25427;39506;21894;107;0;Lujosa
7;15867;11863;5715;151;1;Normal
6;5458;5348;3118;167;0;Limitante
3;3007;1494;1592;185;0;Precaria
2;3080;1808;991;193;0;Precaria
14;63776;24391;21750;108;1;Lujosa
10;15834;12654;10014;140;0;Prospera
13;64872;39850;19890;111;0;Lujosa
14;25580;26222;18122;106;0;Lujosa
7;10649;11285;9321;159;1;Normal
2;1996;1619;1576;181;0;Precaria
1;2209;1457;2099;190;0;Precaria
4;7738;4874;2915;163;0;Limitante
10;16891;18849;14636;142;1;Prospera
8;12143;9171;8227;152;1;Normal
3;2243;1700;1200;183;1;Precaria
6;6227;5909;4780;175;1;Limitante
10;21134;14049;16205;138;1;Prospera
6;4241;5485;3491;167;1;Limitante
6;6420;5694;3194;160;1;Limitante
3;3665;2989;2347;184;0;Precaria
8;11584;6544;8646;156;0;Normal
13;37127;49121;22563;106;1;Lujosa
11;14949;15496;17499;145;0;Prospera
6;5632;3550;3679;168;1;Limitante
4;7232;3109;4331;179;0;Limitante
4;7909;4819;2711;170;0;Limitante
5;6513;3146;5251;163;1;Limitante
8;14529;9718;8841;157;0;Normal
11;16734;17583;14708;142;1;Prospera
5;6736;5083;4316;165;1;Limitante
5;7602;3467;3577;164;1;Limitante
4;5363;3861;5351;161;1;Limitante
5;7535;3593;3270;177;1;Limitante
9;14749;8639;5963;159;0;Normal
11;14346;21797;13457;142;0;Prospera
13;49923;38688;20215;106;0;Lujosa
3;2370;2830;1301;186;1;Precaria
3;3156;1743;2207;182;0;Precaria
11;16665;22818;16964;145;0;Prospera
6;4523;4523;2949;176;0;Limitante
4;6698;5538;3786;172;1;Limitante
14;38107;41831;20111;108;1;Lujosa
10;13041;16051;11843;122;0;Prospera
14;56371;49466;22336;106;1;Lujosa
10;15880;22377;15172;123;0;Prospera
6;4534;5638;2850;175;1;Limitante
4;4469;3079;5384;179;1;Limitante
2;1413;2421;1609;189;1;Precaria
13;43075;45746;20220;115;0;Lujosa
13;35467;47979;21234;115;0;Lujosa
6;6219;3256;4992;171;0;Limitante
9;8385;9455;7899;151;1;Normal
1;1833;1027;2162;183;1;Precaria
13;42946;32590;22937;108;0;Lujosa
13;40971;26191;23463;118;0;Lujosa
6;4755;3236;3808;172;0;Limitante
12;16370;13262;10033;120;1;Prospera
8;12680;10225;7340;150;1;Normal
12;14529;14271;16641;126;1;Prospera
3;3512;2421;923;185;0;Precaria
12;12560;15210;14202;134;1;Prospera
9;15017;6587;6792;155;1;Normal
10;22063;17491;10685;127;1;Prospera
2;3275;2980;1012;196;0;Precaria
12;23078;16486;10514;122;0;Prospera
13;26348;38175;22217;114;0;Lujosa
15;45955;41906;18782;101;1;Lujosa
7;11549;10243;9543;157;1;Normal
12;23188;13414;15241;141;1;Prospera
9;12517;8667;7459;156;1;Normal
6;6505;5776;4291;166;1;Limitante
5;5683;4039;4046;164;1;Limitante
14;40941;41658;22712;100;1;Lujosa
7;10318;6021;5607;159;0;Normal
5;7976;4457;2744;161;0;Limitante
3;2462;2140;1414;196;0;Precaria
12;21929;13452;12797;127;1;Prospera
1;3404;2689;2149;187;0;Precaria
15;59129;44550;20587;100;1;Lujosa
1;3854;2496;1427;190;1;Precaria
6;6530;3122;4382;169;0;Limitante
9;15256;9114;6368;155;0;Normal
13;32436;36593;22365;114;1;Lujosa
13;27139;49328;18035;113;0;Lujosa
13;43396;31477;18846;109;0;Lujosa
2;1482;1079;1633;200;1;Precaria
10;16357;21187;17260;138;1;Prospera
6;4430;5070;4523;176;1;Limitante
9;10107;11261;6376;154;0;Normal
8;10264;10958;5696;152;0;Normal
6;5454;5399;3084;172;0;Limitante
5;6333;3935;3997;176;1;Limitante
5;4901;3252;4948;179;0;Limitante
7;12900;7962;5757;156;0;Normal
2;1834;1199;2187;193;1;Precaria
10;18460;15296;17261;144;0;Prospera
9;9822;11792;8574;153;1;Normal
1;2531;1414;2268;193;1;Precaria
11;17905;20850;14557;128;1;Prospera
2;3950;2724;1276;187;1;Precaria
1;2128;2984;1873;194;1;Precaria
14;45752;37063;23473;105;0;Lujosa
1;1561;2639;2258;187;0;Precaria
10;17277;17683;15478;132;0;Prospera
5;5671;5040;3137;166;0;Limitante
1;3648;2246;2059;183;1;Precaria
13;34669;41102;20460;103;1;Lujosa
13;62148;30004;18390;114;0;Lujosa
2;2394;2863;2168;188;0;Precaria
12;14223;12108;10856;143;0;Prospera
13;51923;39694;20915;110;0;Lujosa
11;16404;12438;11427;122;0;Prospera
7;12322;10615;5415;153;0;Normal
1;2484;2971;2167;180;0;Precaria
15;50510;37178;20745;104;1;Lujosa
1;2957;1837;1563;193;1;Precaria
14;59165;45883;23741;102;1;Lujosa
6;4268;3914;5140;164;0;Limitante
4;7127;5545;4080;178;1;Limitante
3;1008;2915;1188;192;1;Precaria
12;16576;21907;13347;142;0;Prospera
2;2764;2130;947;182;0;Precaria
12;15236;23783;15278;139;0;Prospera
6;4450;3890;4478;170;1;Limitante
7;10205;8883;6871;155;1;Normal
10;19218;16352;15255;125;0;Prospera
7;8816;6674;7044;150;0;Normal
13;37612;26847;20456;101;0;Lujosa
10;13971;19158;10025;146;1;Prospera
9;11314;11524;7520;155;0;Normal
10;12309;14071;15987;144;1;Prospera
13;36787;25014;19169;107;1;Lujosa
8;11276;8041;7697;150;0;Normal
11;17934;19295;17699;120;0;Prospera
4;6124;4864;4887;176;1;Limitante
5;6798;3270;3860;169;1;Limitante
4;7904;5504;5161;179;0;Limitante
10;20708;19980;14679;143;0;Prospera
7;8514;8673;7739;150;0;Normal
5;6974;3946;2573;173;0;Limitante
3;2156;2084;2198;200;0;Precaria
15;45903;48194;20926;110;1;Lujosa
13;38096;27480;21948;114;1;Lujosa
3;3192;2209;1822;184;0;Precaria
1;1836;1280;1010;187;0;Precaria
4;7067;5217;4904;166;0;Limitante
7;8439;9978;9840;153;0;Normal
9;15534;8494;9028;157;1;Normal
10;22805;18250;12687;148;0;Prospera
4;7311;4113;5153;174;0;Limitante
12;17840;12792;16262;143;1;Prospera
15;41964;45077;19832;101;0;Lujosa
2;3280;1941;1253;183;0;Precaria
11;13043;20973;12772;144;1;Prospera
1;2483;1896;2024;193;1;Precaria
11;12785;16809;11306;145;0;Prospera
12;20755;20422;10130;133;1;Prospera
1;1816;1521;1500;181;0;Precaria
7;13646;10333;9844;153;1;Normal
6;6190;5832;2518;178;1;Limitante
1;2429;3000;2230;188;0;Precaria
9;15578;6859;9757;155;1;Normal
14;61026;30690;20607;103;1;Lujosa
1;3004;2574;1553;182;1;Precaria
2;3639;2856;2410;189;0;Precaria
1;3800;1266;2206;197;0;Precaria
15;55489;40847;23953;106;0;Lujosa
12;13703;17991;13484;130;0;Prospera
15;34038;45192;19565;117;0;Lujosa
10;16311;17535;10823;133;0;Prospera
12;17540;17706;11147;128;1;Prospera
1;1892;1760;2437;189;0;Precaria
11;15282;15175;15093;126;1;Prospera
3;2687;2223;1974;189;1;Precaria
14;52908;43769;19561;110;1;Lujosa
1;3571;1424;1338;187;1;Precaria
1;3205;2193;2342;187;1;Precaria
13;50395;31060;18337;118;0;Lujosa
5;6044;3225;4702;166;1;Limitante
14;60131;39664;18975;106;1;Lujosa
7;9763;9043;7054;155;0;Normal
12;12035;13321;11486;137;0;Prospera
15;62811;43932;23074;104;1;Lujosa
7;15419;10460;6650;158;0;Normal
4;4151;4823;3997;179;1;Limitante
5;7311;5127;3737;161;0;Limitante
5;6347;3605;5097;174;1;Limitante
15;37968;27783;19855;102;0;Lujosa
6;4403;5869;2778;164;0;Limitante
15;41656;30572;19451;108;1;Lujosa
4;4598;5892;3649;171;0;Limitante
12;16689;15321;12646;120;0;Prospera
1;1894;2110;966;180;0;Precaria
7;9829;10165;6449;156;1;Normal
14;63754;31691;21569;100;1;Lujosa
9;12893;8792;7294;155;1;Normal
11;14104;12830;14667;134;0;Prospera
3;2753;2518;2472;187;0;Precaria
11;15737;14875;14722;130;1;Prospera
5;7566;5185;4696;177;1;Limitante
1;3428;1043;2118;190;0;Precaria
6;7008;5470;3729;166;1;Limitante
1;3913;1946;2023;199;1;Precaria
11;14355;16162;17569;125;0;Prospera
13;39513;26646;18996;113;1;Lujosa
3;2464;1079;1857;191;1;Precaria
10;17930;20530;11458;145;1;Prospera
4;4845;5140;4958;169;1;Limitante
13;61766;45325;21257;104;0;Lujosa
13;27892;35835;18368;101;0;Lujosa
11;16357;17094;15048;122;1;Prospera
6;4044;5179;3801;174;0;Limitante
6;4956;4222;3571;169;1;Limitante
7;14833;10199;7094;153;0;Normal
10;15449;20385;13773;135;0;Prospera
9;11936;11720;6076;159;0;Normal
2;3056;1929;1654;182;0;Precaria
14;33730;46962;22677;106;1;Lujosa
12;15722;15852;17688;123;1;Prospera
6;5834;5682;4944;170;0;Limitante
8;15808;10043;5965;150;0;Normal
13;47990;46352;22806;112;0;Lujosa
12;16640;14730;10695;120;0;Prospera
11;23074;20621;11684;148;1;Prospera
10;21504;20985;14492;132;0;Prospera
3;2970;2131;1894;193;0;Precaria
7;15727;7881;7140;153;1;Normal
1;2936;1057;2293;191;0;Precaria
15;47329;38027;23237;109;0;Lujosa
13;31886;30689;18920;100;1;Lujosa
7;14279;8582;9943;153;1;Normal
8;12750;9072;5514;151;0;Normal
15;61044;33325;19887;100;0;Lujosa
2;1963;1820;1016;195;0;Precaria
8;10592;10647;7263;152;0;Normal
12;16352;21144;12989;139;1;Prospera
6;6889;3568;4951;165;0;Limitante
9;15949;7922;7785;153;0;Normal
9;12262;8965;5659;151;1;Normal
13;63422;28838;19104;119;1;Lujosa
9;11135;9137;9198;158;0;Normal
14;58566;41121;23990;108;0;Lujosa
15;43889;25105;18597;119;0;Lujosa
5;6999;4759;5104;160;1;Limitante
12;16716;22850;14937;144;0;Prospera
14;36117;28706;18826;104;0;Lujosa
4;4880;4339;5295;178;0;Limitante
2;3676;1789;1713;181;0;Precaria
13;25272;46103;18172;107;0;Lujosa
9;15252;10186;7208;154;0;Normal
11;21547;14976;14573;130;0;Prospera
9;14533;6874;6594;154;0;Normal
5;6164;3221;3367;163;0;Limitante
10;19086;17159;17294;131;1;Prospera
1;3579;1674;1505;200;1;Precaria
8;12603;10711;9709;150;1;Normal
13;52585;30739;20375;109;1;Lujosa
5;5551;4518;3436;172;1;Limitante
10;18654;19138;16800;143;1;Prospera
4;4907;5897;4022;177;0;Limitante
1;3596;1095;2479;185;0;Precaria
5;5209;5240;4636;160;1;Limitante
10;14930;21453;14613;122;1;Prospera
5;4729;3034;5372;174;1;Limitante
7;8316;10018;7028;158;0;Normal
9;14023;9814;6769;151;1;Normal
13;46404;43241;21849;105;1;Lujosa
10;21864;22064;13863;124;1;Prospera
12;17287;23779;16021;136;1;Prospera
11;13312;15288;17307;128;1;Prospera
6;4671;4498;4103;173;1;Limitante
7;15287;9320;5525;153;0;Normal
3;3407;1180;2129;187;0;Precaria
2;2524;1305;1436;191;0;Precaria
8;12379;9669;9263;151;0;Normal
1;2632;2479;1510;181;0;Precaria
7;9434;7151;8596;150;0;Normal
13;28333;42690;18501;113;0;Lujosa
15;37429;49967;22980;118;0;Lujosa
2;1278;1324;1002;195;0;Precaria
4;4569;4036;4600;174;1;Limitante
15;46384;27792;20209;115;1;Lujosa
1;1826;1932;2323;197;0;Precaria
8;11822;11162;7190;158;0;Normal
2;2485;1590;924;196;0;Precaria
15;34706;48832;22041;106;0;Lujosa
6;5084;5676;4559;175;1;Limitante
6;4065;3963;5142;172;1;Limitante
10;14244;12688;12219;136;0;Prospera
9;14418;8800;9190;155;1;Normal
15;63746;26131;21870;112;1;Lujosa
12;19951;20845;13843;144;1;Prospera
7;11739;9377;5638;150;0;Normal
6;6479;4041;3380;162;1;Limitante
4;4705;3371;4664;174;1;Limitante
15;29887;30729;18260;118;0;Lujosa
1;3532;1861;992;180;1;Precaria
14;59052;37693;18454;104;1;Lujosa
10;15261;13574;11314;126;1;Prospera
10;22779;17035;12346;149;1;Prospera
1;2941;2926;1980;191;1;Precaria
3;1809;1177;1260;198;1;Precaria
13;57550;24880;23644;104;0;Lujosa
9;11004;10737;9072;153;0;Normal
13;47451;43081;21173;109;0;Lujosa
6;6444;4595;2611;161;1;Limitante
9;12336;11328;8326;159;1;Normal
13;30199;46529;20530;110;1;Lujosa
11;19577;16182;16881;142;1;Prospera
15;55029;42789;23682;113;1;Lujosa
8;9578;10717;5456;158;0;Normal
1;1394;2153;1712;186;0;Precaria
4;6289;4094;4721;172;0;Limitante
15;36006;26028;23550;115;1;Lujosa
13;30078;41651;21018;114;1;Lujosa
7;14292;6792;5704;151;0;Normal
13;48635;34245;23249;118;0;Lujosa
7;11235;7534;7402;159;0;Normal
3;1920;1456;1165;180;0;Precaria
10;19619;17072;12590;128;1;Prospera
6;4778;4084;4925;168;1;Limitante
12;19637;21019;10377;134;0;Prospera
14;60857;25248;20424;112;0;Lujosa
6;6899;4709;3735;163;0;Limitante
8;11299;6582;6854;158;0;Normal
12;14369;18952;16553;146;0;Prospera
11;19306;14457;17782;142;0;Prospera
1;1312;2020;1952;199;1;Precaria
12;19240;21213;11038;128;0;Prospera
10;23743;23329;15261;133;1;Prospera
12;21061;21119;10524;127;0;Prospera
15;29104;44872;22154;111;1;Lujosa
12;16310;13133;17300;135;1;Prospera
3;3248;1884;1445;184;1;Precaria
10;13952;12195;12785;122;1;Prospera
8;9358;8234;5770;151;1;Normal
11;15001;15210;15266;145;1;Prospera
1;3093;1977;932;182;0;Precaria
7;8368;7876;9652;157;1;Normal
7;11148;6622;7289;150;1;Normal
15;45918;34135;22210;101;1;Lujosa
12;17905;16168;17630;130;0;Prospera
12;20223;19535;11124;138;0;Prospera
11;12574;19874;17511;130;1;Prospera
14;30372;39116;20311;102;0;Lujosa
6;4317;3362;4406;173;1;Limitante
15;29488;25613;19345;104;0;Lujosa
12;20359;13308;13253;135;1;Prospera
3;1626;2054;1170;185;0;Precaria
2;1184;2188;1096;194;0;Precaria
15;46923;30845;22444;108;0;Lujosa
4;7572;4124;3932;178;0;Limitante
3;1599;1730;1791;182;1;Precaria
7;12799;8182;9688;150;1;Normal
1;1596;2450;2125;199;0;Precaria
5;6703;3475;5168;168;0;Limitante
8;15918;8749;9596;151;1;Normal
15;33706;30327;22617;103;0;Lujosa
6;7486;5206;2697;178;0;Limitante
12;15959;23213;11299;149;1;Prospera
2;1635;1650;1459;185;0;Precaria
8;13983;9036;8369;155;1;Normal
4;7505;4426;3086;171;0;Limitante
3;1097;1041;1069;192;0;Precaria
3;1227;2523;1967;186;0;Precaria
2;2092;1353;1669;193;1;Precaria
11;17464;20720;12583;149;0;Prospera
11;22823;17917;17160;133;1;Prospera
4;4734;5705;5206;175;0;Limitante
4;4996;3701;4104;171;1;Limitante
8;14968;8167;9165;151;0;Normal
10;22707;14030;11164;144;0;Prospera
3;1269;1534;1487;185;0;Precaria
8;9147;10946;6404;154;1;Normal
10;16434;22630;17209;140;1;Prospera
15;60131;29921;21508;116;1;Lujosa
4;7895;5575;4525;168;1;Limitante
2;3841;1371;921;180;1;Precaria
11;16733;12509;13437;121;1;Prospera
14;44078;24894;20811;110;1;Lujosa
2;2155;2356;1999;183;1;Precaria
12;15876;21153;16601;131;1;Prospera
15;58280;28681;18120;115;1;Lujosa
3;1822;1000;1312;190;0;Precaria
5;5170;4770;4628;163;0;Limitante
4;7768;3293;3566;168;1;Limitante
1;1918;1079;2264;199;1;Precaria
3;2307;2361;2011;190;0;Precaria
15;37764;28776;21486;115;0;Lujosa
12;18944;18906;12928;134;0;Prospera
14;57549;43524;23895;103;1;Lujosa
1;1651;2983;1068;194;1;Precaria
14;24796;37118;19285;103;0;Lujosa
6;7331;3922;4769;162;0;Limitante
12;16264;20380;14291;122;1;Prospera
11;23683;16060;12988;144;1;Prospera
1;2538;1673;2141;197;0;Precaria
15;51324;49750;22206;112;0;Lujosa
3;3206;1313;1022;183;0;Precaria
8;12679;9017;6928;158;1;Normal
3;2236;1981;1484;188;0;Precaria
15;41819;45887;19586;116;0;Lujosa
7;9786;6097;7616;155;1;Normal
12;16320;13045;15067;134;1;Prospera
14;32729;47132;20483;104;1;Lujosa
6;7942;4817;3856;166;0;Limitante
9;11109;11148;9677;154;1;Normal
4;4638;5633;4460;168;1;Limitante
10;13048;13951;17564;129;1;Prospera
15;24043;29044;19051;100;1;Lujosa
7;9757;7128;8558;153;0;Normal
1;3174;1442;1498;190;1;Precaria
11;17931;20758;15358;130;0;Prospera
9;12512;11007;7551;157;0;Normal
15;24221;49204;23579;110;1;Lujosa
12;22898;13189;15147;141;0;Prospera
13;47015;48793;23039;108;0;Lujosa
1;1928;1919;1337;188;1;Precaria
2;3032;2810;1758;181;1;Precaria
9;13753;9090;5777;158;0;Normal
8;9408;11087;9961;150;0;Normal
4;5274;5528;5384;170;0;Limitante
13;49235;27770;19578;102;1;Lujosa
7;8096;7519;7785;154;0;Normal
15;54104;48090;21044;111;1;Lujosa
7;8350;8433;8515;151;1;Normal
10;23025;14288;12037;148;0;Prospera
13;32929;39342;19372;102;1;Lujosa
15;26884;41449;20820;116;1;Lujosa
11;21993;20356;16927;135;1;Prospera
9;11277;7874;8214;159;1;Normal
11;13601;16909;14124;146;0;Prospera
4;5081;4157;5056;178;0;Limitante
14;25163;33941;23761;109;1;Lujosa
11;18932;15872;10723;120;0;Prospera
6;5453;5203;3835;168;0;Limitante
13;53253;29544;20161;108;0;Lujosa
8;9941;8236;8489;150;1;Normal
3;1444;1938;2095;182;1;Precaria
15;26396;49208;21557;118;0;Lujosa
11;19625;20279;14584;136;1;Prospera
6;6174;4234;5224;171;1;Limitante
4;4743;5628;4010;169;0;Limitante
8;14591;10234;7117;150;1;Normal
6;6736;5699;3648;169;1;Limitante
6;6464;5263;4916;167;0;Limitante
11;22501;12869;15138;126;0;Prospera
12;22666;19880;16301;127;1;Prospera
13;29275;33752;18937;110;0;Lujosa
8;15445;6331;7503;153;1;Normal
12;12081;13768;15577;135;1;Prospera
6;7297;3607;3184;171;0;Limitante
9;15703;10258;6183;159;0;Normal
11;22385;23874;13731;133;1;Prospera
12;17315;13542;17711;120;0;Prospera
15;62605;25902;22455;106;1;Lujosa
4;5218;5734;5007;163;0;Limitante
9;11508;11352;7563;150;1;Normal
15;42172;32548;23975;116;0;Lujosa
11;12998;15617;10500;125;0;Prospera
7;12403;10930;7616;155;1;Normal
9;12169;8528;7398;153;1;Normal
3;1844;2020;1537;185;0;Precaria
6;5266;4177;3179;162;0;Limitante
6;6574;4278;4155;173;1;Limitante
2;2003;1420;1342;200;0;Precaria
11;21513;19079;12659;126;1;Prospera
11;14177;12078;11831;126;0;Prospera
6;5034;5907;5252;178;0;Limitante
6;4706;4587;3140;165;0;Limitante
12;22752;14001;17549;124;0;Prospera
6;5328;5391;4888;162;0;Limitante
13;25549;34934;23549;100;0;Lujosa
1;1141;2453;1601;180;0;Precaria
14;59372;43851;19041;101;1;Lujosa
11;13073;18547;17874;144;0;Prospera
15;31500;30581;18740;109;0;Lujosa
8;12101;8505;7956;155;1;Normal
2;3102;2490;1011;188;1;Precaria
5;7152;3551;3663;175;0;Limitante
2;2789;2268;1055;193;0;Precaria
3;1618;1151;1077;182;0;Precaria
8;14585;7928;8808;159;1;Normal
1;1721;2101;1518;182;0;Precaria
3;1994;2026;1461;184;1;Precaria
12;17912;20611;15908;139;1;Prospera
2;3892;1818;1682;193;0;Precaria
6;4446;5591;4874;176;0;Limitante
10;16799;16112;11753;138;1;Prospera
5;5233;4004;4494;169;1;Limitante
12;12645;13732;14448;135;0;Prospera
14;60846;35201;22327;102;0;Lujosa
15;37333;42146;19009;111;1;Lujosa
8;12894;11921;6196;158;0;Normal
14;28341;39208;19374;103;1;Lujosa
6;5142;5904;3875;160;0;Limitante
2;2193;2138;1915;181;0;Precaria
5;4091;4110;2610;167;0;Limitante
7;12642;8832;6909;156;1;Normal
14;24027;31354;22832;118;1;Lujosa
13;29078;43266;20876;101;0;Lujosa
8;11829;9971;6337;151;0;Normal
12;12946;15459;14044;125;0;Prospera
14;27849;32279;19109;118;1;Lujosa
4;6918;3701;3486;171;1;Limitante
14;24004;34206;19493;103;0;Lujosa
2;2356;2582;1528;196;0;Precaria
4;4787;5539;4303;174;1;Limitante
13;60527;43748;20800;115;1;Lujosa
10;15393;23651;10715;121;0;Prospera
7;13051;8436;8993;150;0;Normal
8;9609;7438;6325;152;0;Normal
4;5334;3949;4263;160;0;Limitante
14;32063;25891;19069;116;1;Lujosa
3;1989;2421;2331;182;1;Precaria
11;18129;13056;17437;128;1;Prospera
1;1989;1210;2439;192;0;Precaria
7;13254;11452;5558;159;0;Normal
5;7109;4539;2531;172;1;Limitante
9;13570;10149;7056;154;1;Normal
12;19874;18416;17216;127;0;Prospera
3;3630;1835;1204;200;1;Precaria
2;3200;2006;1798;199;0;Precaria
4;6346;5481;4976;178;1;Limitante
3;2435;1364;2292;189;1;Precaria
10;18850;16715;10076;133;1;Prospera
10;13669;16560;17907;132;1;Prospera
10;21325;18972;14481;138;0;Prospera
7;11310;10235;8126;150;1;Normal
10;18390;14898;13023;136;1;Prospera
15;59709;40440;18213;115;0;Lujosa
4;6587;4570;4874;169;1;Limitante
6;7010;4331;2896;176;0;Limitante
7;15256;10381;6436;152;1;Normal
10;23804;18318;14694;141;1;Prospera
8;15137;10063;6562;156;0;Normal
6;7309;3604;2556;163;0;Limitante
15;37932;42577;21270;107;0;Lujosa
2;2254;2624;2256;200;0;Precaria
5;7529;5895;4183;179;0;Limitante
11;17725;19139;10506;143;0;Prospera
6;7757;5679;4954;167;0;Limitante
10;17911;21050;14353;126;0;Prospera
12;12215;19936;12347;127;0;Prospera
7;11231;11463;9831;154;1;Normal
10;19464;22813;17511;135;1;Prospera
11;19670;19451;15442;128;0;Prospera
5;6786;3374;2642;164;1;Limitante
7;12834;7048;8859;159;0;Normal
12;18545;18097;11081;121;0;Prospera
1;3882;1705;1399;187;0;Precaria
11;16122;17327;15140;141;1;Prospera
6;5282;3114;3088;165;0;Limitante
4;6483;5181;4636;160;1;Limitante
8;8350;7030;9809;159;0;Normal
9;11888;6296;8506;152;1;Normal
10;23440;14812;12132;139;1;Prospera
3;3743;1217;1815;193;0;Precaria
12;20067;13387;17415;125;1;Prospera
13;26963;49470;18377;109;1;Lujosa
10;14683;15925;15809;148;1;Prospera
4;7236;4981;4894;172;1;Limitante
6;4922;5523;3775;168;1;Limitante
10;18436;12906;15583;145;0;Prospera
11;22508;12180;10887;128;0;Prospera
7;9222;9599;6923;156;1;Normal
14;45447;49883;21291;118;1;Lujosa
13;42902;44658;21038;112;0;Lujosa
9;13696;10247;6732;150;0;Normal
2;1688;1208;1212;192;0;Precaria
1;2894;2748;1904;184;1;Precaria
11;19790;22692;15450;141;0;Prospera
14;31161;40316;19543;110;0;Lujosa
12;23273;20610;12123;134;0;Prospera
10;12169;16984;13025;136;1;Prospera
2;3167;1934;1006;183;1;Precaria
14;62274;43643;19280;110;0;Lujosa
10;18668;13103;15740;136;0;Prospera
12;19595;15533;10400;145;1;Prospera
15;35173;38400;23001;104;1;Lujosa
6;5316;4488;2619;164;0;Limitante
7;12027;6203;9856;159;0;Normal
8;9412;11464;9171;156;0;Normal
12;23183;21590;11162;143;1;Prospera
14;36052;38585;21459;115;1;Lujosa
1;1463;1552;2295;182;0;Precaria
6;5197;3348;2938;169;1;Limitante
7;15106;8880;9113;157;1;Normal
12;20294;18267;15281;124;0;Prospera
5;7409;5553;5189;163;0;Limitante
6;7279;3404;4003;173;0;Limitante
12;13603;16849;14269;144;1;Prospera
3;2536;1973;2339;194;0;Precaria
10;14006;20468;12094;144;0;Prospera
10;19763;19497;17197;120;0;Prospera
9;11964;9166;7441;150;1;Normal
9;12385;8166;8233;150;1;Normal
11;21986;16820;16784;138;0;Prospera
14;47756;36851;18100;113;1;Lujosa
2;2068;2837;952;185;1;Precaria
2;2566;1022;2405;194;0;Precaria
1;3250;2061;1282;188;0;Precaria
7;11126;10413;6391;156;1;Normal
1;3118;1679;1762;181;0;Precaria
8;13511;9891;9255;158;1;Normal
14;24411;46759;20690;114;0;Lujosa
3;3849;1818;2430;187;1;Precaria
12;18842;17913;10522;147;1;Prospera
6;4254;5420;3329;162;0;Limitante
1;1585;2414;1059;182;1;Precaria
5;6067;3738;4996;161;0;Limitante
6;5230;3524;3798;177;1;Limitante
2;3177;1055;1853;191;1;Precaria
4;4490;5478;5215;170;1;Limitante
11;14238;23788;14664;147;1;Prospera
14;44649;25690;22142;119;0;Lujosa
10;12415;13587;16256;124;0;Prospera
9;13720;11300;5477;150;1;Normal
13;53058;37047;22703;109;1;Lujosa
15;51019;36472;19148;107;0;Lujosa
9;13153;11588;8717;156;0;Normal
13;48774;45691;19487;109;1;Lujosa
5;6787;4319;3050;169;0;Limitante
12;14741;19430;17947;145;0;Prospera
8;8149;6015;9234;156;0;Normal
2;3017;2593;2210;192;0;Precaria
3;1731;2143;2322;184;1;Precaria
8;11704;9379;7867;153;0;Normal
9;8537;9375;9693;157;0;Normal
12;21416;17353;17163;130;0;Prospera
8;13060;10171;7234;159;1;Normal
1;2434;2933;2402;198;1;Precaria
12;14311;17894;11983;126;1;Prospera
5;7734;4742;5241;173;0;Limitante
10;15813;15238;14575;133;0;Prospera
14;36721;43343;23885;101;0;Lujosa
2;3772;2173;1913;185;0;Precaria
5;4459;4283;3530;175;0;Limitante
5;5435;4670;5343;165;0;Limitante
10;12594;18058;13116;126;1;Prospera
12;14919;23499;15529;147;1;Prospera
5;5640;4338;4475;179;1;Limitante
2;3711;2635;1362;186;1;Precaria
10;12837;16844;15012;129;0;Prospera
14;37511;39433;20375;118;1;Lujosa
14;24080;29701;21232;118;0;Lujosa
7;9915;9055;8188;159;0;Normal
9;11941;10434;8089;151;0;Normal
11;21857;18026;16562;127;0;Prospera
8;10131;7097;7253;150;0;Normal
13;60960;30812;22930;111;0;Lujosa
2;3677;1380;2174;184;0;Precaria
5;6632;5651;3531;165;1;Limitante
2;1782;2620;1116;189;1;Precaria
6;7396;4184;2981;173;0;Limitante
14;52408;46328;21421;116;1;Lujosa
4;6205;4305;3330;179;1;Limitante
12;21106;23447;12874;121;0;Prospera
1;3182;1144;1298;199;1;Precaria
5;7494;5335;4182;172;0;Limitante
2;2251;2893;1189;187;0;Precaria
15;48945;28884;23836;118;1;Lujosa
15;52682;28525;20216;116;1;Lujosa
1;2096;2175;2387;185;1;Precaria
11;18019;19948;11210;144;0;Prospera
9;12043;11466;6777;152;0;Normal
14;56675;32615;19638;116;1;Lujosa
12;23659;20203;13325;132;1;Prospera
7;13584;11335;6615;154;0;Normal
5;6026;4628;4411;171;1;Limitante
8;8187;10837;7844;155;1;Normal
14;50501;49699;22336;118;1;Lujosa
14;24299;35603;20405;111;0;Lujosa
7;14121;10671;5511;158;0;Normal
2;3645;2794;1785;195;0;Precaria
13;51834;26567;23381;117;1;Lujosa
13;37628;49903;18499;108;0;Lujosa
11;20060;22938;16926;129;1;Prospera
11;21545;20157;14568;149;1;Prospera
3;1263;1414;1878;198;0;Precaria
8;10741;10958;8630;151;0;Normal
11;20718;13772;15044;147;1;Prospera
3;1328;1892;2101;194;1;Precaria
12;16657;21307;17929;143;0;Prospera
10;12328;14200;13616;126;1;Prospera
7;13334;8693;6669;157;0;Normal
3;3387;2602;2428;192;0;Precaria
3;1167;1643;1827;194;0;Precaria
10;12943;19904;16616;148;0;Prospera
10;22610;19095;16316;126;1;Prospera
7;11278;10327;6481;150;0;Normal
4;5570;5415;5246;168;0;Limitante
14;48339;35960;23226;113;1;Lujosa
15;56463;46031;22499;102;1;Lujosa
2;1465;1261;1088;191;0;Precaria
4;6094;5379;4532;165;0;Limitante
2;3171;2958;1219;191;1;Precaria
7;14568;8982;9885;154;0;Normal
6;4760;5794;2729;165;1;Limitante
9;8173;6146;9695;156;0;Normal
12;16446;14219;12367;123;1;Prospera
12;16320;12903;15718;139;1;Prospera
7;13022;10151;8562;158;1;Normal
10;14571;20102;11619;127;0;Prospera
13;30567;27603;23796;108;0;Lujosa
7;13651;11232;9953;156;1;Normal
12;22509;23793;16706;131;1;Prospera
6;5224;5155;3148;173;1;Limitante
3;2989;1233;1463;180;1;Precaria
12;16551;21399;11813;132;1;Prospera
12;17984;20659;15042;138;0;Prospera
4;6037;3998;3484;170;1;Limitante
13;32336;44957;23335;113;0;Lujosa
11;21339;13253;12210;146;0;Prospera
15;43171;42607;22162;112;0;Lujosa
5;6523;4214;2756;169;0;Limitante
11;13131;12836;11378;138;1;Prospera
10;16013;17380;10988;149;1;Prospera
6;4809;3959;3027;163;0;Limitante
1;2598;2216;1316;192;0;Precaria
8;14412;6362;7188;154;1;Normal
10;19906;14921;10450;121;0;Prospera
13;44291;33789;21368;118;0;Lujosa
12;23797;20726;12731;134;1;Prospera
9;9224;10555;8366;151;0;Normal
2;2365;2532;1686;187;1;Precaria
3;1747;2528;1991;187;1;Precaria
8;12331;11481;7502;154;1;Normal
7;8164;7837;8375;156;1;Normal
5;5085;3443;4669;176;0;Limitante
5;7241;5747;5040;175;0;Limitante
15;30684;34357;21892;103;0;Lujosa
10;20993;15473;15065;134;0;Prospera
15;31515;37937;20787;112;1;Lujosa
15;26005;48598;21273;100;1;Lujosa
1;1850;2286;1845;198;1;Precaria
12;19421;18156;11083;130;0;Prospera
10;22450;15553;17230;143;1;Prospera
1;2281;2254;2149;197;0;Precaria
11;13295;13358;15706;140;1;Prospera
8;12608;7757;7101;156;0;Normal
1;3549;1673;2132;188;0;Precaria
10;18637;12432;13590;132;1;Prospera
6;6851;5582;3563;171;0;Limitante
8;15763;7348;8541;155;0;Normal
3;3884;2136;900;189;1;Precaria
10;23876;19129;13889;139;0;Prospera
13;58244;33545;21746;111;1;Lujosa
8;15580;11195;5483;154;1;Normal
3;3880;1533;1122;193;0;Precaria
13;49747;26054;22946;101;0;Lujosa
13;33404;49721;23416;101;0;Lujosa
7;15333;8691;5915;159;1;Normal
14;46834;42765;21179;105;1;Lujosa
6;4988;3458;2892;172;0;Limitante
8;8131;9658;5448;151;0;Normal
9;14719;9603;5831;154;1;Normal
7;12369;7665;8586;150;1;Normal
12;21716;23505;14231;138;0;Prospera
3;2321;2580;1302;190;0;Precaria
4;4071;5617;5269;172;0;Limitante
3;2441;1402;1690;195;0;Precaria
3;1604;1556;1929;195;1;Precaria
10;19160;21655;15864;134;1;Prospera
8;13610;8048;7546;154;1;Normal
9;10066;6540;7445;156;0;Normal
15;49634;32702;22257;112;1;Lujosa
5;5414;3429;4294;176;0;Limitante
15;55715;46920;21646;112;1;Lujosa
8;11236;11224;9992;156;0;Normal
1;1705;2496;1232;181;1;Precaria
6;5988;4947;4219;174;1;Limitante
15;50988;24349;22621;100;1;Lujosa
13;47505;44377;20840;112;0;Lujosa
6;7344;3107;3784;170;1;Limitante
3;1023;2282;2065;195;1;Precaria
6;7650;3556;5206;167;0;Limitante
2;3633;2983;2298;180;0;Precaria
3;1676;1659;2444;192;0;Precaria
3;3963;2470;2240;190;1;Precaria
3;2030;2463;1999;197;1;Precaria
8;11518;7013;6199;156;1;Normal
3;3510;2674;1049;189;1;Precaria
6;4641;3563;4078;164;0;Limitante
6;6233;5473;4429;171;0;Limitante
4;7822;3763;3493;162;0;Limitante
11;20894;14855;17334;149;1;Prospera
9;12929;11015;8464;150;1;Normal
8;12402;7962;9685;151;0;Normal
9;11550;10681;5549;152;0;Normal
5;5462;3392;3456;173;0;Limitante
2;3777;2608;987;183;1;Precaria
10;18543;20329;13782;128;1;Prospera
15;24675;35795;20892;114;0;Lujosa
12;22034;19381;10017;141;1;Prospera
12;19500;13504;16122;137;1;Prospera
3;3143;1844;1216;186;1;Precaria
10;22633;18485;14012;136;0;Prospera
13;54066;35565;19303;118;0;Lujosa
1;3099;2799;1781;185;1;Precaria
3;2988;2859;1516;192;1;Precaria
7;8148;9247;5976;154;0;Normal
14;48932;34403;22473;118;0;Lujosa
9;9522;11678;8745;154;0;Normal
3;2711;1623;999;198;0;Precaria
14;43683;42977;18431;106;1;Lujosa
14;54020;43962;18579;115;0;Lujosa
10;18380;20215;13621;132;1;Prospera
15;54097;31804;18934;112;1;Lujosa
12;19926;14861;10406;147;0;Prospera
13;31741;35198;22009;108;0;Lujosa
1;1585;1871;1356;181;1;Precaria
5;6198;5721;2975;165;0;Limitante
1;3306;2741;2321;192;0;Precaria
12;23281;19776;15834;123;1;Prospera
8;15379;6906;8874;159;1;Normal
6;5891;4770;4448;163;1;Limitante
10;16557;19850;16784;132;1;Prospera
4;7673;5892;3022;178;0;Limitante
3;3235;2527;1090;194;0;Precaria
6;5654;5949;5185;164;1;Limitante
3;2773;1819;1151;180;0;Precaria
9;13292;7578;5617;153;0;Normal
1;1993;2223;1137;182;0;Precaria
2;3761;2988;1471;199;1;Precaria
14;36264;42456;22729;104;0;Lujosa
2;3893;1736;1457;197;1;Precaria
13;29876;35405;18473;106;1;Lujosa
10;12682;22020;16756;126;0;Prospera
7;14701;10053;6772;150;1;Normal
